method,epoch,train_loss,val_loss,train_accuracy,val_accuracy,val_balanced_accuracy,val_macro_f1,mean_gradient_norm,learning_rate,epoch_seconds,checkpoint_saved
default,1,0.7372531989424528,0.5072061379636225,0.8007964676597421,0.8658787750466768,0.7107322249273437,0.47565179275347075,inf,0.001,23.871990800020285,True
default,2,0.48040328923277165,0.40754007400051634,0.8741407862798031,0.8897080053124939,0.7336710036591968,0.5195378109573575,0.9372835376846136,0.001,25.59347640001215,True
default,3,0.4249016616103465,0.3529541649702637,0.8861249229208213,0.8931053067195349,0.7351533879300499,0.5358175728226222,inf,0.001,22.37325210002018,True
default,4,0.38264690361295134,0.35854514499540163,0.8955249736538727,0.8972725347910612,0.7353979515737789,0.5040996374790568,0.8417796734013135,0.001,26.390816600003745,False
default,5,0.3698840439481255,0.3245098095549919,0.9003652367233048,0.8975901295401613,0.7413196934024767,0.5058378803729257,0.9088541645603844,0.001,24.21155770000769,True
default,6,0.33533512210773225,0.300437210964688,0.9048590301737917,0.9129116701634169,0.7481389998082544,0.5520946078695477,0.8979276980151607,0.001,23.569871700019576,True
default,7,0.3389931312567096,0.2945829122349945,0.9094373787098544,0.9184936384809347,0.751820568384086,0.5789591588242343,inf,0.001,26.741235900030006,True
default,8,0.30383815218678484,0.26062785709694514,0.9127432763239574,0.917656343233307,0.7595743829396255,0.5787613493520591,1.1313196640100158,0.001,24.324878299958073,True
default,9,0.30681428803770444,0.2424603634686419,0.9160326753847772,0.9227089869689912,0.7557039232408956,0.5882066811215686,1.4289221412144633,0.001,23.199137600022368,True
default,10,0.26551624758325365,0.21262842800327736,0.9217906704805823,0.9321502126922411,0.7850140065082097,0.6227348536746559,1.738650332083179,0.001,22.87511080002878,True
default,11,0.23666315283141653,0.17182915609071012,0.9236921287464606,0.9230747021346217,0.9536994400086473,0.7062115522713724,1.8582819247547584,0.001,23.43118150002556,True
default,12,0.22553755541642098,0.16697790110370292,0.9255605899057726,0.9261447847092564,0.9542102486010263,0.7112823380035529,inf,0.001,24.571745900029782,True
default,13,0.21336343287224352,0.16226483963475388,0.9271423887017907,0.9295709583662156,0.9523736294528837,0.7140483620033242,1.9584677529988912,0.001,28.90329720004229,True
default,14,0.18953038983658232,0.16386738896801312,0.9317496097060989,0.9288202798683426,0.9543610698811862,0.7165500199444317,1.7123619309206048,0.001,26.878075899963733,False
default,15,0.20493079879377665,0.1562304814177395,0.9337088129084681,0.9362981925971551,0.9581821553691149,0.7183753495642566,1.903420753053975,0.001,27.423670099989977,True
default,16,0.18782511346393888,0.15702504195235492,0.9352514276404388,0.9414278289992878,0.9565797349873488,0.6982530805045869,1.7931478894178123,0.001,29.23676160001196,False
default,17,0.18146045258235305,0.15092792765544844,0.9371508235871567,0.9433911419937251,0.9574641391426879,0.6504068684335994,1.739033912225992,0.001,29.667056500038598,True
default,18,0.1754492230850566,0.15475794098637569,0.9383614049343049,0.9495505553096067,0.9572768774511778,0.7791458450860715,1.69382140739872,0.001,27.197091299982276,False
default,19,0.1747802994025992,0.14713883753727208,0.9374560468228942,0.9430350509114007,0.957788538004238,0.7646889403405525,1.7265365315986334,0.001,27.624866499972995,True
default,20,0.17413532342583168,0.15890031772311689,0.9381469237416244,0.9373472176775162,0.9559725737295307,0.7186523938280204,1.8100419193349055,0.001,27.610411099973135,False
default,21,0.1652160669314563,0.14589023104214754,0.9390646557679974,0.9421785074971609,0.9593338813943687,0.7269858099537289,1.694165382392799,0.001,26.779924600035883,True
default,22,0.1795848765891693,0.1403196620116956,0.9409619893955549,0.9399360960868477,0.9599504999860629,0.7115395641369521,inf,0.001,24.81043289997615,True
default,23,0.16144543103203104,0.13964457017584736,0.9405000299036278,0.9521394337189383,0.9592954838604958,0.7458689857042793,1.752529369565002,0.001,32.349874900013674,True
default,24,0.17098505737856246,0.14230824919051482,0.9425293519574502,0.9525821415510173,0.9604624828900117,0.7864058996822894,inf,0.001,32.61072489997605,False
default,25,0.16100694443998217,0.1320472207229649,0.9456702640387221,0.9471252863164784,0.9595346766028543,0.749667841323126,inf,0.001,28.98219519999111,True
default,26,0.15513477815523127,0.1335001818849646,0.9460373568492713,0.9401093295863568,0.9593985809962424,0.6909084906749464,1.9000398439477013,0.001,29.874733299948275,False
default,27,0.15875310522406183,0.12866073698358968,0.9476418411560537,0.9479818297307181,0.9595725370390363,0.7385729562772481,1.8539998298393021,0.001,32.012170500005595,True
default,28,0.16489181937182754,0.1276967925091321,0.9495680472518566,0.9538525205474179,0.9633624944306486,0.775684163650659,2.027778966403429,0.001,28.95383849996142,True
default,29,0.15031497850236797,0.12645675846735896,0.9502589241705868,0.9531980828826054,0.9630560686593257,0.7732451572416449,1.8184975381893447,0.001,29.351079199986998,True
default,30,0.14865696749328777,0.12337515740755481,0.951226151856809,0.9515908609704926,0.9621820680277301,0.673959354140507,1.8835086752562331,0.001,30.873043700004928,True
default,31,0.1455233424329076,0.12220431496185478,0.951745856285227,0.9607818605277847,0.9668860741025442,0.8269905340515078,1.9686491695165886,0.001,29.93663640000159,True
default,32,0.1464751424190281,0.12535731256968421,0.953162669548414,0.9592420071988144,0.9664703577460765,0.780245292856299,2.0895041342950447,0.001,30.77366909995908,False
default,33,0.13817897396680326,0.1193532213065892,0.9549981336011598,0.9655072854310627,0.9713835857760774,0.8079646571762993,1.890640850088516,0.001,29.114251399994828,True
default,34,0.14110301748418705,0.12188225120413286,0.9550084451969618,0.9607048678613362,0.9642357584034565,0.7977524263652441,2.028660024913177,0.001,27.885432299983222,False
default,35,0.1393336675254881,0.12130053301492036,0.9555240249870589,0.9593863684484053,0.967935561037584,0.8187337453346255,1.9333067833276991,0.001,27.405523299996275,False
default,36,0.13729934107330977,0.1143169539877855,0.9541835175328064,0.9627355494389159,0.9708503465107018,0.8344544957640935,1.802789621919645,0.001,30.835279699997045,True
default,37,0.1364801471485481,0.11521221617565823,0.9560086699897503,0.9576347852867014,0.9690816229942621,0.7805600584638773,1.7351221072444307,0.001,32.06732410000404,False
default,38,0.13759410611290668,0.11548966322892064,0.954967198813754,0.9659596173464478,0.9703693034337758,0.8119129200045991,1.9855091284866198,0.001,30.508783199999016,False
default,39,0.14871510568310065,0.11769381236807916,0.9570707643573504,0.9710411333320501,0.9695394851788318,0.8183314639198894,,0.001,30.974936899961904,False
default,40,0.13219363893839356,0.11226191801378739,0.9573594890398048,0.9567493696225434,0.9698650604013976,0.7812018485893856,inf,0.001,30.28317650000099,True
default,41,0.1326346534011576,0.1137649505232543,0.9571264469746809,0.9674898465921121,0.9721206515796466,0.8066922967213029,1.9040419595308193,0.001,31.76761490001809,False
default,42,0.13277403484092112,0.1171529059967398,0.95966928649944,0.9720709102457991,0.9678266532902269,0.8179534617698992,1.8882306690803308,0.001,27.4435436000349,False
default,43,0.13299030321783453,0.10897079847301737,0.9582132891722057,0.9736011394914634,0.9730620796038654,0.8673374363375106,1.9097711342909542,0.001,26.180783800024074,True
default,44,0.13807056345760016,0.11431475515829377,0.9581823543847999,0.9702230862510346,0.9647019948855896,0.7473468422244199,1.9763346022380053,0.001,27.665599500003736,False
default,45,0.14564086322631595,0.10849239132906745,0.9571388208896432,0.9666814235944027,0.9721647790070511,0.7378075335045987,inf,0.001,27.615308699954767,True
default,46,0.12873670887820754,0.10812129217194764,0.9572728716350685,0.9640540488518469,0.9716694347302838,0.8020876399835742,1.8127385019737332,0.001,27.719977199973073,True
default,47,0.12960672778787283,0.11598243723968302,0.9590464661130027,0.9626200604392432,0.9674980324474362,0.8121786487534651,1.913046798134372,0.001,28.039836400013883,False
default,48,0.12817104141455907,0.10875731089554642,0.9587494921539067,0.9570862125382558,0.9704168390015199,0.7878018719273179,1.8734628081730398,0.001,28.661902999971062,False
default,49,0.14071942817647046,0.11354857095659607,0.9592960067314097,0.9711277500818047,0.9716673059073706,0.8404776057322662,1.8002390231905734,0.001,29.877447600010782,False
default,50,0.1307726539481888,0.10916727063672053,0.958829922601162,0.9743614420726426,0.9713499108778049,0.84238618695187,inf,0.001,29.515890699985903,False
default,51,0.12781838658587857,0.10814292984142057,0.9602034271619807,0.9584432082844109,0.9704460208333341,0.8097322000376163,inf,0.001,27.775374899967574,False
default,52,0.12313130193981825,0.10357759407956527,0.9626101536221543,0.9613015610263123,0.9711501112144446,0.7816316271302705,1.7501322873887697,0.0005,27.56223320000572,True
default,53,0.12060221232821679,0.10309316349234215,0.9624637289617667,0.9672011240929301,0.972633395876394,0.8064221583388426,1.5722230225487097,0.0005,27.528833399992436,True
default,54,0.15510395779550204,0.10355524864093155,0.9631092348589683,0.968663984755452,0.9721837851500839,0.8177354764400793,2.0529361723132338,0.0005,27.338770500035025,False
default,55,0.12118593654943718,0.10660157147136351,0.962088386874576,0.968663984755452,0.9714815578292805,0.8187397931180294,1.5680174072064805,0.0005,28.34907400002703,False
default,56,0.11776890342162515,0.10389442374167597,0.9629875580285053,0.9671145073431756,0.9723533770404812,0.8085085193399527,1.5970758889656405,0.0005,27.612701200006995,False
default,57,0.11721451464064898,0.10175796684543201,0.963049427603317,0.9691451889207553,0.9724498342769593,0.8363044936029363,1.6117292506470962,0.0005,29.03157709998777,True
default,58,0.11705603560823963,0.10196487770206446,0.9625750941964276,0.9699054915019344,0.9711397630437432,0.8164352686016904,1.6997791922529413,0.0005,30.639814000052866,False
default,59,0.11729702738027688,0.10278161566273493,0.9627483290059003,0.9621388562739399,0.9720214555175627,0.8070761571994883,1.7438862187324193,0.0005,27.635440100042615,False
default,60,0.11725337103504822,0.10167770490156153,0.9618904042351786,0.9680480434238639,0.9723477719347576,0.8173918163492839,1.681117624335211,0.0005,28.29771689994959,True
default,61,0.12778144103959913,0.10103925349922187,0.9620347665764059,0.9673743575924393,0.9722650202341495,0.8313323062327925,inf,0.0005,27.010225199977867,True
default,62,0.11727881436748536,0.10184371748415817,0.964503362611391,0.9675572151752545,0.9720103650027959,0.8501832907412094,1.8943400276070343,0.0005,30.19721259997459,False
default,63,0.11416030770945812,0.10193645866020966,0.9637279306070848,0.9676630800916213,0.9717149264015724,0.8512873396914248,1.6576460572627651,0.0005,28.43685539998114,False
default,64,0.11738462519883647,0.1009146249542323,0.9640042813745769,0.9668354089272997,0.9722531317453754,0.8481212428724249,1.6887301098406,0.0005,27.324102899990976,True
default,65,0.11594638963232645,0.1013512034077797,0.9642600089504652,0.9675187188420303,0.9721677920595853,0.847254036949801,1.6447746601065754,0.0005,29.75422380003147,False
default,66,0.11498828237663204,0.10010831679535691,0.9642228872055781,0.9646411179335168,0.9721678793209292,0.8493963611076731,1.7225738535969193,0.0005,30.113533099996857,True
default,67,0.12500315533986683,0.1006163943204637,0.9647240307615526,0.9717918118299232,0.9722048285959413,0.8655145049814191,inf,0.0005,28.790203600015957,False
default,68,0.14539535765063596,0.09886934689348101,0.965039565593092,0.9703481993340134,0.9730441166983899,0.8227696577855103,inf,0.0005,27.650389799964614,True
default,69,0.1153259238894568,0.10114698176229961,0.963993969778775,0.9692318056705099,0.9728885971055239,0.8139418794431905,1.736156676239668,0.0005,27.29486610001186,False
default,70,0.1138134244004636,0.09852362790619505,0.9641486437158042,0.9681539083402306,0.9726149761697539,0.8336828391814203,1.6898028718834186,0.0005,26.837750100006815,True
default,71,0.1144651808053686,0.10131521679459138,0.9634082711372246,0.97546821165284,0.9733413067320439,0.8474419449732244,1.6789062921319329,0.0005,30.427115299971774,False
default,72,0.11435887309303491,0.09780792032293531,0.9650952482104226,0.9752468577368005,0.974023030257252,0.8697943210251807,1.6384099351973096,0.0005,27.448075599968433,True
default,73,0.11828144083318942,0.09813656180536584,0.9651591801043946,0.9707524108328681,0.9731889873604604,0.8953836845887583,1.8145035595872796,0.0005,27.517857599945273,False
default,74,0.11596067936368896,0.10368301212573086,0.9641238958858795,0.9648335995996381,0.9702316536267492,0.8061466187643082,2.0026634166307966,0.0005,29.199569799995515,False
default,75,0.11230237821496145,0.09963166535800133,0.9642744451845878,0.9712143668315593,0.9734578795647914,0.8243700437778125,1.6966493135624672,0.0005,30.28952280001249,False
default,76,0.11293750768575694,0.09830898575905948,0.9642991930145125,0.9685966161723096,0.9724524269651297,0.8342231722948683,1.6736399583078387,0.0005,26.93909810000332,False
default,77,0.1159438237830507,0.10031377080842795,0.964169266907408,0.9674128539256636,0.9719884730038384,0.8241927591462835,1.7995885087939505,0.0005,27.522030899999663,False
default,78,0.11120917555215762,0.09661729941996262,0.9652416728708101,0.9689430831713279,0.9726328378050787,0.8206685343595564,1.5847251335245396,0.00025,26.949606900045183,True
default,79,0.11045878267488624,0.09718789706557734,0.9648230220812513,0.9653148037649414,0.9723834516975165,0.8282954868447147,1.6036746181028931,0.00025,30.978952400037088,False
default,80,0.11023765401753244,0.0974799764548023,0.9649735713799596,0.966594806844648,0.9729065250417203,0.8310980861426874,1.628758678880799,0.00025,27.469602499972098,False
default,81,0.11645319559230864,0.09750459297404143,0.9657778758525112,0.9657767597636325,0.9729278517669048,0.8142036104537901,inf,0.00025,27.51614389999304,False
default,82,0.10777688420614122,0.09859360384233917,0.9651220583595076,0.9689334590880219,0.9729602722594963,0.8348201840071151,1.608958813943409,0.00025,28.125681899953634,False
default,83,0.12463215090380773,0.09940163625655815,0.965946986023663,0.9714357207475988,0.9732026403377821,0.8408449701358403,inf,0.00025,30.23240750003606,False
default,84,0.10790504507383829,0.09650221317699618,0.965808810639917,0.9701749658345042,0.9735487438903642,0.8386131523994348,1.5154277333903288,0.000125,28.06311280000955,True
default,85,0.11115954494391674,0.094536616367144,0.9662893310042876,0.9657286393471022,0.9730558081271451,0.8288870642123495,1.6475698601705993,0.000125,26.967533299990464,True
default,86,0.10731555274523517,0.09556909916059157,0.9666481745381952,0.970713914499644,0.973245488696298,0.8407560605948489,1.5694896434492702,0.000125,27.30398329999298,False
default,87,0.10641925606993981,0.0946694163079005,0.9662934556426084,0.9713587280811503,0.9737630404192311,0.8421841908919508,1.6075944785217318,0.000125,28.255351400002837,False
default,88,0.11130142380820585,0.09495149412825254,0.9660707251732864,0.9723115123284507,0.9729923110556555,0.8435499954669275,1.7735338165947405,0.000125,30.121911800000817,False
default,89,0.10827809778330795,0.09423384863482498,0.9668337832626301,0.9703674475006255,0.9730765678257699,0.8382296756043742,1.688327166904157,0.000125,27.469812399998773,True
default,90,0.10748236342746117,0.094889791460328,0.9669224629865268,0.9710700055819683,0.9732768812152931,0.8405540091141311,1.5120433517515597,0.000125,27.754825600015465,False
default,91,0.10725080852802421,0.0958949535052003,0.9665801180059024,0.9707427867495622,0.9734867373928872,0.8395463271004724,1.4789720984639498,0.000125,29.01346550002927,False
default,92,0.10638461004769632,0.09415713659625213,0.9657036323627372,0.9710988778318865,0.9734949132555618,0.8411743713262857,1.5358883331643756,0.000125,30.2831387000042,True
default,93,0.10663972222508912,0.09482679051643703,0.9667389165812523,0.9704925605836044,0.973406362979735,0.8402899954460747,1.503695431860942,0.000125,26.984930099977646,False
default,94,0.1068663837387624,0.09652207148898162,0.9665966165591855,0.9718495563297596,0.9734257713101591,0.8430583636784602,1.5599009412800586,0.000125,26.454331299988553,False
default,95,0.10689092408899148,0.09519131045824451,0.9664749397287226,0.9710988778318865,0.9734100443381833,0.84092653666271,inf,0.000125,21.441315600008238,False
default,96,0.1041578662471604,0.09447335712804562,0.9672606833288306,0.9709256443323774,0.9732390052968021,0.8399290279789153,1.5764567962914453,0.000125,29.940218900039326,False
default,97,0.10743097115310021,0.09467419762768613,0.9660913483648903,0.9709737647489076,0.973253914020042,0.8409489901111001,1.586620225783296,0.000125,29.013179299945477,False
default,98,0.13293573994649488,0.09390915497258945,0.9668255339859886,0.971320231747926,0.9733745006464112,0.8427188794133756,,6.25e-05,26.98034239996923,True
default,99,0.10605174772626802,0.09406556713682734,0.9668523441350737,0.9714164725809866,0.9733746336709003,0.842296738570406,1.587322960305126,6.25e-05,26.694269999978133,False
default,100,0.10525416794480683,0.09344869224561171,0.9671926267965377,0.9705984254999711,0.9731375517809138,0.8404478871274058,1.4923800042111286,6.25e-05,28.33579430001555,True
xavier_uniform,1,0.7263156211163582,0.5127080386928343,0.7883256236968721,0.8501530229245664,0.7239823702884007,0.46981208966036525,inf,0.001,27.722432399983518,True
xavier_uniform,2,0.4759749362429315,0.41560396304617553,0.8640127368831345,0.889120936230824,0.7404834465724384,0.4958394748522819,1.0693689257158006,0.001,24.797732700011693,True
xavier_uniform,3,0.42486223848215493,0.35788589455410325,0.8822250773885265,0.9001501356995746,0.7438194163107652,0.5260556102823895,1.0398994295657435,0.001,25.29215799999656,True
xavier_uniform,4,0.3911847823261847,0.35721677555414105,0.8893730755984335,0.9033068350239639,0.7457537646217838,0.5353410505106336,1.0177229515862365,0.001,25.378226000000723,True
xavier_uniform,5,0.3723923902603067,0.3391658599111932,0.8966839970220112,0.9089850441745424,0.7467106848441986,0.5451256093719293,1.0446992620888642,0.001,25.512900799978524,True
xavier_uniform,6,0.35390019537839856,0.3401762369325401,0.900620964299193,0.9057513521837045,0.751010453107226,0.5326444722202116,inf,0.001,26.916245400032494,False
xavier_uniform,7,0.3562563506308049,0.30717924656840306,0.9034050951657177,0.9109772294188978,0.7687535227333425,0.5728542061108429,1.1383830865978692,0.001,25.118693299998995,True
xavier_uniform,8,0.3313223108098279,0.2794499276758922,0.9075297334864949,0.9117086597501588,0.7683124539910461,0.5646469955498765,1.1799203374969305,0.001,22.36003510002047,True
xavier_uniform,9,0.32407191106913236,0.27232813281810836,0.9083546611506503,0.9114295613342829,0.7579788651469944,0.5614121405102447,1.3447960355488058,0.001,24.2191918999888,True
xavier_uniform,10,0.30254734891656837,0.2679044400544501,0.911027426782514,0.9187919850634227,0.7823707365029691,0.5916817542014771,inf,0.001,25.34480669995537,True
xavier_uniform,11,0.27168952815581476,0.22137651261775218,0.9133929068594797,0.9180413065655496,0.7848296869856665,0.5949846157604893,1.5919354480027146,0.001,23.084419500024524,True
xavier_uniform,12,0.24816461843825166,0.2192946794188943,0.9144013809289098,0.9203992069755356,0.7844042938906292,0.5971615972913361,1.6355501735260718,0.001,23.443894000025466,True
xavier_uniform,13,0.25880730137778774,0.1912670257264624,0.9164224537060907,0.9208611629742267,0.7859780564899652,0.6019561514126468,1.853629883583085,0.001,22.51473649998661,True
xavier_uniform,14,0.23956071483302455,0.21231977553901604,0.9185940757819798,0.9204761996419841,0.7838248408714054,0.5966669862088134,1.7116447961908856,0.001,21.834142600011546,False
xavier_uniform,15,0.24234557221513742,0.17623805432712653,0.92204433573731,0.9311204357784921,0.9529906996162912,0.7745184033165327,inf,0.001,23.401605100021698,True
xavier_uniform,16,0.2241451470073461,0.17882330293485874,0.9223701821646514,0.9230554539680096,0.9515373219326017,0.7402758081458654,1.843224261380449,0.001,20.832499300013296,False
xavier_uniform,17,0.21471227583916247,0.16404112324698278,0.9265979364434481,0.9313802860277559,0.9565112295846526,0.6334091095176447,1.8088394645522918,0.001,20.6611481999862,True
xavier_uniform,18,0.19503154725301064,0.1650206373256134,0.928470522241081,0.9434392624102554,0.9555917324286729,0.6945026517351719,1.6138508802099067,0.001,24.894290999975055,False
xavier_uniform,19,0.20463885744489405,0.15865765497677273,0.9302894877405438,0.9356437549323426,0.9570695064802436,0.751503815871651,inf,0.001,27.37225590000162,True
xavier_uniform,20,0.19523037769691057,0.16248242178589764,0.931081418298133,0.9338440513541085,0.9545356087719671,0.7812415112357138,1.8476497105279552,0.001,25.351727099972777,False
xavier_uniform,21,0.1893887884968362,0.1568362272815076,0.9324342996673479,0.9367120281793159,0.9548171125939916,0.7187798985699162,1.6598700583609851,0.001,27.20980840001721,True
xavier_uniform,22,0.18148229446525815,0.1485100136007691,0.9345894231899541,0.9358939810983004,0.9584360889652007,0.7861000366083397,1.6831294970924844,0.001,22.16303539997898,True
xavier_uniform,23,0.1776851415504317,0.1586818143668318,0.9348410261275214,0.9469713009835813,0.9589693700724387,0.7332099161556447,1.567435536643624,0.001,22.377864200039767,False
xavier_uniform,24,0.1878706093275404,0.14978410237079115,0.9365424394348421,0.9551517717937367,0.9566954361388936,0.7537566382390537,1.851146067119349,0.001,21.389661900000647,False
xavier_uniform,25,0.17366130258451282,0.14435966118880214,0.9370373960333354,0.9360672145978095,0.9572163381188689,0.6561958698214782,1.72113366695396,0.001,20.968871099990793,True
xavier_uniform,26,0.17316355335209577,0.143963668943071,0.9356515175575542,0.9349796931842242,0.957678757653749,0.7126041065314631,1.7157992247633542,0.001,24.546277199988253,True
xavier_uniform,27,0.17227105328526018,0.14558569071985972,0.9377282729520655,0.9361538313475641,0.9558913933649144,0.6842989191330595,1.7613557643779723,0.001,22.983488799945917,False
xavier_uniform,28,0.16688036729560282,0.14486753133183883,0.9381345498266621,0.9450561084056743,0.9590919813139734,0.7392222425452074,inf,0.001,24.176971499982756,False
xavier_uniform,29,0.16530010239229617,0.13419581325074179,0.9401968689870507,0.9363559370969915,0.9583896715909423,0.7143081931614769,inf,0.001,26.14237289997982,True
xavier_uniform,30,0.16197928037954548,0.13165679846893336,0.9398029660274164,0.9487228841452852,0.9613409389363027,0.67455603163235,1.7404787527468009,0.001,26.01352159999078,True
xavier_uniform,31,0.16297605697170484,0.13873211924111656,0.9414734445473313,0.9398494793370932,0.9569716392121911,0.705097194099506,2.01128497258426,0.001,24.754034199984744,False
xavier_uniform,32,0.16676972108460095,0.1331200105568407,0.9405289023718733,0.945450695821223,0.9590477326143528,0.7367305367192053,2.1124226957056593,0.001,24.066804600006435,False
xavier_uniform,33,0.15618352565817875,0.12713591998549023,0.9424839809359217,0.9536407907146844,0.9659050864492916,0.751386889882693,1.9272515252232552,0.001,26.31092289998196,True
xavier_uniform,34,0.15556858340860716,0.13392315631948498,0.9422674374240809,0.939695494004196,0.9597333606325629,0.7368866257377431,2.003535520701909,0.001,23.05308750004042,False
xavier_uniform,35,0.1511405282704507,0.12632912832060403,0.9464766308304341,0.9471637826497026,0.9668876272635515,0.765698728737019,1.8897715534087476,0.001,24.861436399980448,True
xavier_uniform,36,0.1491276016361202,0.1233702779999069,0.9452227407809177,0.9488191249783459,0.9670908251749637,0.7400528833806451,1.9018667696067426,0.001,23.804358699999284,True
xavier_uniform,37,0.1500901856777614,0.1248929041444061,0.9454392842927586,0.9556137277924278,0.968546846057606,0.7778108397792112,1.9713605328576977,0.001,23.466312200005632,False
xavier_uniform,38,0.152636445590349,0.12021886338798098,0.9484791427351714,0.9596173464477509,0.9683674111135417,0.7369048364321708,2.103412606293642,0.001,24.922957099974155,True
xavier_uniform,39,0.1475675603117709,0.12444483013494323,0.9488977935247302,0.9483571689796547,0.9616044753450576,0.7557646781414197,,0.001,22.49009149998892,False
xavier_uniform,40,0.14819751439496767,0.11602832868996707,0.9490318442701555,0.9505129636402133,0.9678195085583129,0.7522902967700933,2.0768688987893396,0.001,20.739323400019202,True
xavier_uniform,41,0.14574906057721254,0.11791772586093371,0.9495783588476585,0.9636113410197679,0.9679727055252568,0.7842648086709866,2.0426397323765584,0.001,20.892700899974443,False
xavier_uniform,42,0.14237072917153137,0.13895570671711197,0.9504239097034178,0.9571054607048679,0.9689088742959454,0.7907124312203732,2.041923619012981,0.001,21.6074241999886,False
xavier_uniform,43,0.13958114002408348,0.11406551904116911,0.9516571765613303,0.9588377956999595,0.9700118893260679,0.8243571672386034,1.9108019512351053,0.001,22.7019275999628,True
xavier_uniform,44,0.13964377470481265,0.11387327411056695,0.9518139128175198,0.9612438165264758,0.9699874492129901,0.7380869946624066,1.9710544219971458,0.001,28.11013990000356,True
xavier_uniform,45,0.13850865838596227,0.11589700985487861,0.9523047447776923,0.9527938713837507,0.9685983380194925,0.7721856961120482,1.982281757840879,0.001,30.416044200013857,False
xavier_uniform,46,0.14217053819839767,0.11552915316094949,0.9524614810338818,0.9594633611148539,0.9687259110259255,0.8472377679077896,,0.001,30.27210830000695,False
xavier_uniform,47,0.13484714695408562,0.10849838664361314,0.95489295532398,0.9586549381171443,0.9703116660775697,0.8531432552864021,2.0895578117160922,0.001,27.942336799984332,True
xavier_uniform,48,0.13723869622568063,0.11325039193150334,0.953439020315906,0.9569226031220526,0.9692303698878567,0.864108461307704,2.0735736352230427,0.001,28.599049899959937,False
xavier_uniform,49,0.13500566850759732,0.1239286521151213,0.9547382813869508,0.9495986757261371,0.9675524840838156,0.803245482948582,2.0201547246206286,0.001,31.013445299991872,False
xavier_uniform,50,0.13935252570195902,0.11499421306104607,0.953587507295454,0.9621966007737763,0.9666567275417274,0.8253980851035846,2.158109278712846,0.001,30.15443039999809,False
xavier_uniform,51,0.1342951040723392,0.11484329262105704,0.9534348956775853,0.9591168941158354,0.9679367420678382,0.8578750886021188,2.084714302062234,0.001,28.054776600038167,False
xavier_uniform,52,0.13269820691431225,0.10689723619131523,0.9543134436399108,0.9575289203703348,0.9698132872687526,0.8490097325417336,2.0182623916820384,0.001,27.982511200010777,True
xavier_uniform,53,0.1291724281335899,0.10989588239210264,0.9553611017733883,0.9574134313706619,0.96701608288997,0.7299612750468175,1.9305397372236985,0.001,28.141411699994933,False
xavier_uniform,54,0.12956142035841003,0.11076564019555557,0.9561447830543359,0.9660558581795085,0.9707456628884273,0.8037964601005787,2.0715191091021783,0.001,28.31248449999839,False
xavier_uniform,55,0.13337041430653032,0.1072383312673708,0.9551940539213968,0.9610128385271303,0.9730516832818129,0.8626434364475748,inf,0.001,28.95207289996324,False
xavier_uniform,56,0.12716204043677362,0.10595499608231387,0.9574357948487392,0.9599253171135449,0.9708522504191724,0.8584793396386642,1.957965686288564,0.001,34.23354169999948,True
xavier_uniform,57,0.13139175565546166,0.10670896976720981,0.9573244296140783,0.9617635170250034,0.970373596083907,0.8130006239889503,2.177221045283137,0.001,31.18929259997094,False
xavier_uniform,58,0.1286221048006121,0.1106007083841158,0.9569387759310856,0.9582122302850653,0.9680325078575621,0.796506181025761,2.1470420042579437,0.001,30.19380040001124,False
xavier_uniform,59,0.12792118769799882,0.10812359414479157,0.9572852455500308,0.977085057648259,0.9703204412703986,0.8492860075388527,inf,0.001,28.304126899980474,False
xavier_uniform,60,0.14424128611799084,0.10329561924280667,0.957891567383185,0.9605508825284391,0.9722383748201541,0.8361464647023206,,0.001,27.749326799996197,True
xavier_uniform,61,0.1487674170503319,0.10385564513853135,0.9572728716350685,0.9637172059361346,0.9717600221019089,0.8117543655083305,,0.001,28.457316300016828,False
xavier_uniform,62,0.1268044269506977,0.10202093478055958,0.9587701153455106,0.963476603853483,0.9707627572724865,0.8778858853498486,2.0366282624974534,0.001,31.62024159997236,True
xavier_uniform,63,0.12869376045110256,0.10506644935844754,0.9593516893487403,0.9650357053490655,0.9717449026243293,0.8761506864213446,2.0025903270010077,0.001,28.601390999974683,False
xavier_uniform,64,0.125903802580023,0.10391116310062669,0.9586793733024536,0.961118703443497,0.9708674050308557,0.8704971841610446,1.9859369178518715,0.001,28.67333459999645,False
xavier_uniform,65,0.12375977211009158,0.10464520736597496,0.9600322546716685,0.9682886455065155,0.9719932262355112,0.8523317571239727,1.9178372616113364,0.001,30.22818360000383,False
xavier_uniform,66,0.12401158553080557,0.10173886058188411,0.9606241402707,0.963341866687198,0.9707581860399026,0.8772455102309934,1.8914632555254527,0.001,31.268138399987947,True
xavier_uniform,67,0.12428307529269136,0.10662693475983066,0.9580421166818934,0.9622254730236945,0.9710445768494992,0.8048855503144087,2.284420502297423,0.001,27.888557099970058,False
xavier_uniform,68,0.12860711457272722,0.1089152389277536,0.95940324732775,0.9644678844340077,0.9713414337660979,0.7905612563978371,2.2063414824945764,0.001,28.475837000005413,False
xavier_uniform,69,0.13211166791536724,0.10354619356554869,0.9587845515796334,0.9603968971955421,0.9709930575417935,0.8296878864929976,inf,0.001,28.04825389996404,False
xavier_uniform,70,0.12613532673389716,0.10280512035394397,0.9584525181948108,0.9657960079302447,0.9706832734100107,0.7560956807064158,2.190812532133757,0.001,31.86600290000206,False
xavier_uniform,71,0.1352669888079523,0.10237358542704122,0.9601023735231217,0.9682597732565973,0.9719997340398286,0.8302627370348964,inf,0.001,28.293784499983303,False
xavier_uniform,72,0.11575062604938553,0.09799139922247735,0.961818223064565,0.9673839816757454,0.9722184983340981,0.828685919090745,1.763851667915467,0.0005,28.876038899994455,True
xavier_uniform,73,0.1154489957905111,0.09879021608464433,0.9613645128492795,0.9635151001867072,0.9713714359514891,0.8455247695595366,1.734663499369903,0.0005,30.433013100002427,False
xavier_uniform,74,0.126708005459203,0.10141130946732195,0.9613706998067607,0.9642369064346621,0.9706631502306058,0.8459668137829878,2.094572186139943,0.0005,32.2130605999846,False
xavier_uniform,75,0.11481105297241687,0.0968165303165524,0.9620801375979344,0.96363058918638,0.9719357380492027,0.8463443494339501,1.872000531706063,0.0005,28.25858960003825,True
xavier_uniform,76,0.11374556767237361,0.09855119335126632,0.9631092348589683,0.966440821511751,0.9729913522079897,0.8256117007163017,1.694335021691609,0.0005,28.40417619998334,False
xavier_uniform,77,0.11522215129056239,0.09771949244291724,0.9630906739865248,0.9674321020922757,0.9740491959283708,0.848645336760835,1.8128113498565455,0.0005,28.430948799999896,False
xavier_uniform,78,0.1125050247434066,0.09781829596651123,0.9642641335887859,0.9674417261755818,0.972270183374714,0.8884248039698495,1.7891169807909033,0.0005,28.05533880001167,False
xavier_uniform,79,0.11356427408872602,0.09741893726356807,0.9629772464327034,0.9681250360903124,0.9732508219051478,0.857009137074248,1.7972963877368073,0.0005,21.116385800007265,False
xavier_uniform,80,0.11513682164415431,0.09897312714562843,0.9632206000936293,0.9707524108328681,0.9714267419655142,0.8607365015086518,1.834597205303075,0.0005,24.261184500006493,False
xavier_uniform,81,0.11058906679341235,0.09573221336192966,0.9650313163164504,0.9643331472677228,0.9725307136659375,0.8799183405445407,1.6377956868750574,0.00025,22.969534999981988,True
xavier_uniform,82,0.11081878934422225,0.09598975316482525,0.9635155117335649,0.9640348006852347,0.9739040143645826,0.8807063770450084,1.690316468265049,0.00025,23.00204950000625,False
xavier_uniform,83,0.10933058552149133,0.09668331358441168,0.9641981393756535,0.9683078936731276,0.9722899052792512,0.8569137487936228,1.552363513682022,0.00025,30.22019049996743,False
xavier_uniform,84,0.1104579434148631,0.09656502383701969,0.9636495624789901,0.9670760110099513,0.9723195640119137,0.8540290077144639,,0.00025,22.578599800006486,False
xavier_uniform,85,0.11150977639247543,0.0967569294156389,0.9641837031415308,0.9652185629318807,0.9736193876479344,0.8745626464090903,1.891372201476985,0.00025,22.79025239998009,False
xavier_uniform,86,0.11000684390154339,0.09555715004812639,0.9636804972663959,0.9642946509344985,0.9735902798585085,0.8506496277219496,1.6555801215365467,0.00025,23.20658989995718,True
xavier_uniform,87,0.1094235248792724,0.0937546927050154,0.9645858553778066,0.9688949627547976,0.9726959477479885,0.8576522220910876,1.616610409935567,0.00025,24.295619400043506,True
xavier_uniform,88,0.11064352851551007,0.09473499449327875,0.9647487785914772,0.9680384193405578,0.9740352105855079,0.889904218668002,1.6864944281142975,0.00025,25.448602300020866,False
xavier_uniform,89,0.11017553844582789,0.09536189492004929,0.9646353510376559,0.9684233826728004,0.9724979300604311,0.858327673175019,1.75036085877206,0.00025,25.836954300000798,False
xavier_uniform,90,0.10955565216233717,0.09401274039821372,0.9651653670618757,0.9680287952572517,0.9725421440690397,0.8579339905708188,inf,0.00025,26.767427999991924,False
xavier_uniform,91,0.1154800345921652,0.09461300798615067,0.9652643583815744,0.9643523954343349,0.9722043974062401,0.8494132786248597,inf,0.00025,26.695983099984005,False
xavier_uniform,92,0.11135929674303804,0.09373991663206131,0.9629442493261372,0.9679614266741093,0.9744299842967545,0.8568002771083325,1.714969054654335,0.00025,26.188420700025745,True
xavier_uniform,93,0.10888337047924539,0.09443438518410562,0.9642826944612294,0.9682405250899851,0.9726472907587514,0.8576467844837157,1.6623872987108643,0.00025,28.555454800021835,False
xavier_uniform,94,,0.09442397364500253,0.9639712842680107,0.9684811271726368,0.9739564350955786,0.857374898776296,,0.00025,28.750835700018797,False
xavier_uniform,95,0.10891568971525098,0.09429360827972778,0.9639774712254919,0.9694146632533251,0.9730778877801445,0.8570662729935047,1.738327250623376,0.00025,28.869244800007436,False
xavier_uniform,96,0.13215485097495216,0.09361882427233309,0.9654891511700567,0.9699632360017708,0.9747625929013225,0.8615233668295551,2.236649620570714,0.00025,29.273306599992793,True
xavier_uniform,97,0.11029778054065202,0.09320251259863797,0.9642105132906158,0.9697226339191192,0.9730082415600886,0.8602347552978107,1.759560423565219,0.00025,28.6717027000268,True
xavier_uniform,98,0.10808955431427944,0.09357745469188979,0.965140619231951,0.9648913440994745,0.9739394785444969,0.8512614168874489,1.8226804700581836,0.00025,25.792890699987765,False
xavier_uniform,99,0.10807289875182362,0.09516681994879791,0.9646683481442221,0.9687024810886763,0.9725125529633151,0.8578905317115466,1.9276242023451795,0.00025,22.841960999998264,False
xavier_uniform,100,0.10748150184562821,0.09485217408365416,0.9651653670618757,0.9641502896849075,0.972256790791417,0.8823281005468359,1.7694872774592432,0.00025,22.908141600026283,False
xavier_normal,1,0.756420980365992,0.5023173322993665,0.7750174781548843,0.8346871210517198,0.7187106524331951,0.4844568115553887,inf,0.001,28.72473010001704,True
xavier_normal,2,0.473798230987606,0.4264924691939215,0.8634084773691407,0.8917579350566859,0.7344262961375795,0.49696113653402446,inf,0.001,30.79250849998789,True
xavier_normal,3,0.4254726144292952,0.3534875195990067,0.8841512834843295,0.8896021403961273,0.7349977762962214,0.493885547458746,1.046869208226727,0.001,28.973318899981678,True
xavier_normal,4,0.39183227267609627,0.3464860769260024,0.8934028472378328,0.9065116547648836,0.7459904097967156,0.5452837685033617,1.0454983076214288,0.001,28.785042300005443,True
xavier_normal,5,0.3612086163734158,0.3172605067386555,0.9001693164030679,0.9101495582545762,0.7467399734236451,0.5506672405091849,1.0610775152842205,0.001,30.164418200030923,True
xavier_normal,6,0.3490955206439099,0.2895592404765541,0.9052673693675486,0.9129405424133351,0.751649539151786,0.5569563622837646,inf,0.001,30.93269909999799,True
xavier_normal,7,0.3234300288811039,0.2751646102974257,0.9088867394940306,0.9120936230824014,0.7776481747663789,0.5804831566915829,1.1402996151633404,0.001,28.937402400013525,True
xavier_normal,8,0.312342311429523,0.261403601426531,0.9125679791953243,0.924171847631513,0.7549805887742239,0.5819432258943898,1.4056008766220591,0.001,29.57597010000609,True
xavier_normal,9,0.29349750154795146,0.24087964161460954,0.9152180593164236,0.9271745616230054,0.7818383401506361,0.6026245931472074,1.522919384047452,0.001,31.251128800038714,True
xavier_normal,10,0.2714728519430597,0.2877429479738953,0.9184208409725072,0.9309760745289011,0.7861752557813056,0.6140824240797017,inf,0.001,22.389177299977746,False
xavier_normal,11,0.26794760016846325,0.19683075408764555,0.922240256057547,0.9227089869689912,0.7836080765585343,0.6048794853880722,2.0755967762525573,0.001,25.87424569996074,True
xavier_normal,12,0.23716792980539325,0.1820987717733781,0.9234467127663742,0.9324774315246472,0.9535506320961799,0.6691950122173561,1.887229800790171,0.001,24.728041899972595,True
xavier_normal,13,0.22693567066157141,0.16607701790745127,0.9259813030144919,0.9373857140107404,0.9534904519860453,0.7027082888662686,1.9591049263371696,0.001,26.26357559999451,True
xavier_normal,14,0.22750657154198745,0.1789564619737234,0.9280436221748806,0.9369045098454373,0.7871296351873829,0.6310616945597294,inf,0.001,23.739819099952,False
xavier_normal,15,0.20350435860637656,0.15889945712706408,0.931728986514495,0.9335264566050083,0.9532882620686783,0.7886088733386947,1.956876921628598,0.001,22.3925229999586,True
xavier_normal,16,0.1963182068193019,0.16708325696499074,0.9346430434881241,0.9404750447519874,0.9540171914564092,0.7379816580273788,1.9346194495191553,0.001,23.08686460001627,False
xavier_normal,17,0.18572186316217923,0.14747464287405632,0.9366022466904933,0.9527842473004446,0.9619874591748654,0.8119914100517408,1.866448484188268,0.001,25.02331800002139,True
xavier_normal,18,0.20546443962650798,0.14725793201735263,0.9396462297712269,0.9446326487402075,0.9565840998225587,0.8016281438984224,inf,0.001,24.02663899998879,True
xavier_normal,19,0.1941169962106835,0.14153027516472566,0.9432408520677843,0.9508979269724559,0.957424734023767,0.7846824109063664,2.143016356314662,0.001,27.52523009997094,True
xavier_normal,20,0.18334071609349706,0.1446470907959165,0.9450556929289263,0.9383769945912652,0.9575962901521643,0.7205031247209774,2.196195123819359,0.001,26.56564340001205,False
xavier_normal,21,0.16507054164288945,0.1418383598902424,0.9460084843810258,0.9392142898388929,0.956630395032468,0.7921855599411266,1.918889480285378,0.001,24.137546100013424,False
xavier_normal,22,0.16839946804138287,0.13590299407871315,0.9469633381522857,0.9500798798914404,0.9625239564620763,0.7699369745413143,1.9694162204562988,0.001,21.580736899981275,True
xavier_normal,23,0.16675703948905998,0.13454706229548724,0.9461404728072907,0.9517255981367775,0.9620561934531894,0.764104409411643,2.139687481120166,0.001,20.693730200000573,True
xavier_normal,24,0.16005263734491504,0.13555281903330355,0.9487245587152576,0.9586645622004504,0.9635785313430526,0.8030745444942036,2.110710650933946,0.001,20.94548080000095,False
xavier_normal,25,0.16423282223323396,0.13004703387399222,0.9485987572464739,0.9531595865493812,0.9638886151280949,0.7740863904364669,2.1028128304373364,0.001,28.049525700043887,True
xavier_normal,26,0.1589417605672401,0.13263589945816592,0.9499537009348493,0.9469616769002752,0.9611951948192726,0.7550826366113029,inf,0.001,27.73486500000581,False
xavier_normal,27,0.15335556683841495,0.12822730430706017,0.9503496662136439,0.9507246934729467,0.9618246256171177,0.779843084366111,2.029103698751217,0.001,27.112628599978052,True
xavier_normal,28,0.1568926573071037,0.12433576709030568,0.9513663895597155,0.9543048524628029,0.9635423098745909,0.8089069291168283,2.2258726207987416,0.001,27.910879399976693,True
xavier_normal,29,0.14895731603499332,0.12047897039968589,0.9521046998191346,0.9595884741978327,0.964313363942174,0.7869078557028545,2.131919952683182,0.001,30.680538599961437,True
xavier_normal,30,0.1596089700914753,0.12037922416002168,0.9515437490075089,0.9565087675398918,0.9629877093898699,0.7844341987625042,2.1880655255058645,0.001,22.325853799993638,True
xavier_normal,31,0.14679738297436176,0.11754326856438287,0.9527440187588551,0.9625719400227128,0.9686514944085131,0.8685635823961558,2.307191553875364,0.001,20.62311010004487,True
xavier_normal,32,0.17190145722799946,0.1172263720319023,0.9535751333804917,0.9570380921217254,0.9682314658594341,0.8255838245405246,,0.001,27.062085700046737,True
xavier_normal,33,0.15555990681336992,0.11471498129393207,0.952383112905787,0.9586645622004504,0.9700602563460746,0.7639459833265997,2.290135673769919,0.001,21.919775099959224,True
xavier_normal,34,0.14361024059516428,0.12318115923930514,0.9525707839493824,0.9540642503801513,0.9646865473953036,0.7309103459043204,2.32597939498754,0.001,23.00767820002511,False
xavier_normal,35,0.1597225524068538,0.11507562432520094,0.9560437294154769,0.955796585375243,0.9697022316738115,0.8223556798856256,,0.001,20.167365700006485,False
xavier_normal,36,0.138783136421178,0.11034807222946325,0.9524573563955611,0.9595692260312205,0.9712306037464474,0.8074221445390578,2.3247220026572797,0.001,21.785744299995713,True
xavier_normal,37,0.1392627151774171,0.11130511235027912,0.9545629842583179,0.9588377956999595,0.969620587150878,0.8608404648685979,2.294330284329532,0.001,19.963937900029123,False
xavier_normal,38,0.13412246400385583,0.1113844765422824,0.9549919466436787,0.9622350971070005,0.9712135640737801,0.8383355378019232,2.239942195970675,0.001,22.752465899975505,False
xavier_normal,39,0.13499150977589133,0.11499592518963864,0.9551424959423871,0.9678748099243547,0.9711047077922607,0.7780173185339095,2.2850412559314366,0.001,22.23496019997401,False
xavier_normal,40,0.13344528853859414,0.11048009767582002,0.9562437743740346,0.9615132908590457,0.9698931965167114,0.8309940683178293,2.1194702434208135,0.001,26.127212700026575,False
xavier_normal,41,0.13403886278849844,0.1082355673262936,0.9567160454617636,0.9622447211903066,0.970441987753628,0.8654343812438584,2.061813381355146,0.001,28.656677199993283,True
xavier_normal,42,0.1355714885066836,0.10817853547700813,0.9576585253180612,0.969703385752507,0.97115131934054,0.8522828415431749,inf,0.001,28.78893409995362,True
xavier_normal,43,0.14544098336714556,0.10906503506074651,0.9570522034849069,0.9662098435124055,0.9693814096445422,0.8779092741928798,inf,0.001,29.283295499975793,False
xavier_normal,44,0.15500689624014446,0.11006213725387604,0.9563448280128937,0.9574615517871923,0.9705202657093072,0.704781341762205,2.6071046132924436,0.001,31.319995999976527,False
xavier_normal,45,0.1294473553760277,0.10840112453906425,0.9564066975877052,0.9626681808557734,0.970148986510765,0.714014912013525,2.100760204756813,0.001,29.294649399991613,False
xavier_normal,46,0.13075145886786005,0.10663361567206174,0.9563303917787709,0.9625045714395704,0.9713275683947423,0.8079766402354096,2.1672205529195345,0.001,29.57991490000859,True
xavier_normal,47,0.12798063336242063,0.10229743608520356,0.9577389557653163,0.9609358458606818,0.9711444003679661,0.7168919820087801,2.08921466133349,0.001,30.59960369998589,True
xavier_normal,48,0.1280507644492843,0.10712316881460059,0.9580070572561669,0.9606086270282755,0.9697668605785884,0.8342863688771467,2.0837748218799317,0.001,30.605009499995504,False
xavier_normal,49,0.1276546770614891,0.16530811340703824,0.9585494471953491,0.9641021692683772,0.9183409413520991,0.7987956816734799,1.9239908243109027,0.001,27.49973110004794,False
xavier_normal,50,0.13096933814495154,0.10903093915030355,0.9574357948487392,0.9589436606163263,0.9690612216034168,0.8607353269824068,2.3053515856213207,0.001,28.239686899993103,False
xavier_normal,51,0.13917917481091613,0.10503759846142037,0.9583659007900744,0.9614940426924335,0.969950119250716,0.8108929175125223,2.250761459648358,0.001,24.961276799964253,False
xavier_normal,52,0.13341624095729662,0.1011680291724926,0.959467179221722,0.961715396608473,0.9712201281046836,0.8088381014657403,,0.001,30.709994999982882,True
xavier_normal,53,0.1270870740884867,0.10345307547470223,0.9586896848982555,0.964958712682617,0.97119870104414,0.811818606293843,2.070728488769461,0.001,28.508719200035557,False
xavier_normal,54,0.12339303595065854,0.10359119866047273,0.9594568676259201,0.9646796142667411,0.9710313666723457,0.8382450745791213,1.99606820348383,0.001,28.68455950001953,False
xavier_normal,55,0.1305676368568753,0.10372405098776105,0.9587659907071898,0.9662098435124055,0.97113293867258,0.8190433812762222,2.3460496648485902,0.001,30.033509999979287,False
xavier_normal,56,0.12387253519520423,0.11789637492257996,0.9606530127389454,0.961417050025985,0.9648965714319003,0.7972371142550604,2.1361133654676534,0.001,32.21519439999247,False
xavier_normal,57,0.12479360164786968,0.1134666905480831,0.9605333982276429,0.9479722056474121,0.966781819371196,0.8090199521165835,2.125211269771562,0.001,27.85929719998967,False
xavier_normal,58,0.11727826829176764,0.10051477473066614,0.9611087852733914,0.961859757858064,0.97307017705459,0.8290843269861793,1.8609667376846954,0.0005,28.387744899955578,True
xavier_normal,59,0.11690009991357864,0.10124932997307438,0.9613521389343171,0.9642657786845803,0.9717839518057788,0.816842318643194,1.789223931533312,0.0005,27.800033000006806,False
xavier_normal,60,0.1189954374230493,0.09742552491569166,0.9609004910381921,0.9620522395241853,0.9731594556118224,0.8168780158507482,1.877164934137011,0.0005,32.356635899981484,True
xavier_normal,61,0.11523856914684401,0.09941236674527476,0.9618202853837254,0.9690874444209189,0.9725064399035781,0.8329816708052936,1.7302827085309391,0.0005,28.097192899964284,False
xavier_normal,62,0.12043351468975584,0.09886614228078285,0.9629524986027788,0.967759320924682,0.9718037215750797,0.8286871285430037,inf,0.0005,28.865422300004866,False
xavier_normal,63,0.12108864285063761,0.10185612625842434,0.9630989232631664,0.9660847304294266,0.9713475592735632,0.8203268336705838,1.848364403636395,0.0005,29.893483399995603,False
xavier_normal,64,0.12385056222729508,0.1006938154163061,0.9622018144283974,0.9672973649259908,0.9719056536762926,0.8259188686948034,,0.0005,31.755827800021507,False
xavier_normal,65,0.11524326399825384,0.10246302627453392,0.9632927812642429,0.9635535965199314,0.9722917866818629,0.817290137785076,1.866938513165285,0.0005,28.51408850000007,False
xavier_normal,66,0.12070692661726357,0.09698956636513512,0.9635134494144044,0.9631205127711585,0.973890956809135,0.8180607598326269,2.025225549637643,0.00025,28.218648199981544,True
xavier_normal,67,0.12394655381168007,0.09692534378043562,0.9625833434730692,0.9687217292552884,0.9727395499117719,0.8315806901539616,1.9404685735812544,0.00025,28.10614239994902,True
xavier_normal,68,0.11152641677914293,0.09600495400390774,0.9647735264214019,0.9684522549227186,0.973968604936732,0.834551122345261,1.8530554221589355,0.00025,31.65294240001822,True
xavier_normal,69,0.11044303757415991,0.09556544069247722,0.9650519395080543,0.9688564664215733,0.9744880811373337,0.8330983819112028,1.6513841125626856,0.00025,28.971710100013297,True
xavier_normal,70,0.11759878683448619,0.09567970318429232,0.9642496973546633,0.9700017323349951,0.9751487034889864,0.8369936566225392,1.984667749878978,0.00025,28.50616049999371,False
xavier_normal,71,0.11522719453626591,0.09601004913521279,0.964152768354125,0.9688468423382672,0.9726943570416479,0.8305899432225136,1.8594376134218547,0.00025,29.552904499985743,False
xavier_normal,72,0.12017974870644596,0.09580030532871553,0.964948823550035,0.9685581198390854,0.9744224095388927,0.8316189536979833,inf,0.00025,31.50798350002151,False
xavier_normal,73,0.11136073508057936,0.09610743830218374,0.9646312263993351,0.9707331626662561,0.9748842228326756,0.8625176194589389,1.7385303313502027,0.00025,29.033378700027242,False
xavier_normal,74,0.15165716850484906,0.09734262941494128,0.9652746699773763,0.9684041345061883,0.9743683080567117,0.8556723608477398,inf,0.00025,28.740896600007545,False
xavier_normal,75,0.11583529019529323,0.09596159886302401,0.9655943294472366,0.9710026369988258,0.9747679416944691,0.8404200748888814,2.0151932107496866,0.000125,28.566796600003727,False
xavier_normal,76,0.10922097944367615,0.09527098584137939,0.9656417627879256,0.9700498527515254,0.9750079573654852,0.8596273725553565,1.7063884770474103,0.000125,30.577627799997572,True
xavier_normal,77,0.10959377918860921,0.09474022377260798,0.9660913483648903,0.9700306045849133,0.9748064082364337,0.8581381646979903,1.6008211745790162,0.000125,30.58900569996331,True
xavier_normal,78,0.11800340086976509,0.09484716233150646,0.9665429962610154,0.9705503050834408,0.9750403086441936,0.8393451203406118,1.8966509977410615,0.000125,28.539644100004807,False
xavier_normal,79,0.10727666597888466,0.09438943635925665,0.9657428164267846,0.9688275941716552,0.974665205389282,0.8345188734716161,1.6712572117363602,0.000125,30.17986509995535,True
xavier_normal,80,0.1159423138636304,0.09445941307841946,0.9654355308718867,0.9702519585009528,0.9751203524953543,0.8375501709129113,inf,0.000125,31.882346600003075,False
xavier_normal,81,0.11012925974744694,0.09453420719703352,0.9662274614294759,0.9691548130040614,0.9748793113130216,0.8364564779511193,1.7659530230141578,0.000125,29.55596470000455,False
xavier_normal,82,0.1090691751344313,0.09422416997798434,0.9652849815731783,0.9690104517544704,0.9745490328707435,0.8573128942663119,1.6932165867762978,0.000125,28.869616600044537,True
xavier_normal,83,0.10786570119517437,0.09480293293849448,0.9655242105957834,0.9688660905048794,0.9747095568903563,0.8349921565539623,1.689733057058876,0.000125,28.304654699983075,False
xavier_normal,84,0.11130120597629799,0.09398462940308251,0.9653612873821127,0.970713914499644,0.9753100579468121,0.840221585776097,2.012748416509275,0.000125,28.327890100015793,True
xavier_normal,85,0.10929238034880985,0.09381651170657183,0.9656355758304443,0.9705406810001347,0.9751660374247874,0.8384503426494221,1.8727138871837894,0.000125,28.98649139999179,True
xavier_normal,86,0.10947422821624293,0.09435865598801246,0.9659263628320591,0.9692703020037341,0.9745266785698129,0.8367117566065424,1.6454827948886006,0.000125,28.981634699972346,False
xavier_normal,87,0.10747133384785865,0.09432732388516298,0.9658521193422852,0.9706465459165015,0.9734455028610262,0.8383291210402893,1.6506449560151448,0.000125,28.901662799995393,False
xavier_normal,88,0.1075890029240791,0.0933686263340558,0.9656830091711333,0.9707812830827863,0.9750251748647057,0.839567329649808,1.7108984432548662,0.000125,31.10196320002433,True
xavier_normal,89,0.10812441792249868,0.09397023406221124,0.966233648386957,0.9706176736665832,0.9752505560783415,0.8398983721391876,1.712689862370428,0.000125,30.245281999988947,False
xavier_normal,90,0.1428096615529521,0.09385950376541716,0.965957297619465,0.9692799260870402,0.9747241319376808,0.835729567239167,inf,0.000125,28.495908199984115,False
xavier_normal,91,0.10985259886506242,0.09381308407638309,0.9662913933234479,0.9694339114199373,0.9748334179152494,0.837675055128342,1.8359537550920173,0.000125,28.611034000001382,False
xavier_normal,92,0.10734227122486369,0.09263494531681472,0.9657386917884638,0.9706657940831136,0.9751071440522058,0.8613464159815507,1.585042464047796,0.000125,29.67084249999607,True
xavier_normal,93,0.1089945700641431,0.09368859253471112,0.9666337383040725,0.9705118087502166,0.9751105104824885,0.8611483512807497,1.7428804434725882,0.000125,31.19208210002398,False
xavier_normal,94,0.10873284368156977,0.09489352231264055,0.9658727425338891,0.9710026369988258,0.9750051597228689,0.8614022329389259,1.77643692064323,0.000125,28.832729100016877,False
xavier_normal,95,0.10703796422002305,0.09306904107278881,0.9661511556205415,0.9713491039978442,0.975327524907102,0.8640564060615521,1.7077559165318619,0.000125,29.790811200044118,False
xavier_normal,96,0.1706867112449158,0.09356096720768003,0.9667760383261392,0.9718688044963717,0.9740972243528693,0.8647750874828212,inf,0.000125,30.900722599995788,False
xavier_normal,97,0.10913346968754317,0.09303266164637107,0.9673452384144066,0.9709930129155198,0.9750151469497008,0.8626461159152531,1.7232464788214379,0.000125,30.519331800052896,False
xavier_normal,98,0.10835007022580419,0.09317304142317254,0.9667141687513277,0.9709737647489076,0.9750607144884703,0.8406739311754495,1.8030804282816653,6.25e-05,28.355881800001953,False
xavier_normal,99,0.10566425962161521,0.09291332208373476,0.9666089904741478,0.9709160202490713,0.9754251189793157,0.8632941183261124,1.7503827907978105,6.25e-05,28.808603000012226,False
xavier_normal,100,0.10598813046644356,0.09253725185329213,0.9672936804353969,0.9714068484976806,0.9752532395229676,0.8637534598614014,1.7568601439569445,6.25e-05,28.932256700005382,True
kaiming_uniform,1,0.715613654815496,0.47572659186453403,0.7849269217205517,0.8580447712355398,0.7252424804043995,0.4807970273243795,inf,0.001,28.506943300017156,True
kaiming_uniform,2,0.48765874552668625,0.43418497142577345,0.860411927629096,0.8866282986545532,0.7333989809308011,0.5197596645932742,1.3048708017616835,0.001,28.702307600004133,True
kaiming_uniform,3,0.44182880632333404,0.36900829400426166,0.8778673970026253,0.8909206398090582,0.7372035569999255,0.5177675979335524,1.2593169164556994,0.001,28.663028199982364,True
kaiming_uniform,4,0.4078213910256791,0.3661400127792474,0.8839904225898192,0.9014782591958116,0.7446039154682832,0.526370997801626,1.2066043653694387,0.001,31.626600199961103,True
kaiming_uniform,5,0.38754457704450407,0.3546057404896877,0.8910497410758295,0.9057321040170924,0.7488598701303347,0.5414405117449991,inf,0.001,31.836978400009684,True
kaiming_uniform,6,0.37088234050181146,0.3535891251360567,0.8938359342615144,0.903172097857679,0.7512473658020555,0.5310556274595828,1.2265554764602757,0.001,28.349647500028368,True
kaiming_uniform,7,0.3784904443594409,0.3194353254653032,0.8978223971985456,0.9083787269262603,0.7681556027992388,0.566068578006532,1.2389206527280405,0.001,28.73718369996641,True
kaiming_uniform,8,0.3433523160024026,0.28073422218332567,0.9011406687276109,0.9076280484283872,0.7773224601084024,0.5561849571350409,1.194002663661659,0.001,28.881555399973877,True
kaiming_uniform,9,0.3468074221625144,0.3024087970133771,0.9024646776285804,0.9079456431774874,0.7591746600858772,0.5539067425566476,inf,0.001,32.59998560004169,False
kaiming_uniform,10,0.32194717153060337,0.30258591441867866,0.9066202507367636,0.9170019055684946,0.7814900279136391,0.5895468437960926,1.240688328815915,0.001,28.974789700005203,False
kaiming_uniform,11,0.3030521387378954,0.23638068465638765,0.9084515901511886,0.9154813004061363,0.7807534511832221,0.5864531781270493,1.3154288590708865,0.001,31.445320200000424,True
kaiming_uniform,12,0.28161517936741576,0.2586468380986652,0.9101076324369807,0.9195522876446018,0.782967378574452,0.5956398675843121,1.3915161700439855,0.001,31.541588100022636,False
kaiming_uniform,13,0.2925953664327151,0.20974656689628918,0.9122524443637848,0.9184840143976286,0.7830442712747648,0.596356611841205,1.4675581543883192,0.001,32.43642179999733,True
kaiming_uniform,14,0.2562842222886928,0.24555097800890086,0.914370446141504,0.9193983023117048,0.782587489424183,0.5977926409443207,1.2118429513294486,0.001,30.742602800019085,False
kaiming_uniform,15,0.26363749716210355,0.22031432725276176,0.9167977957932814,0.9291571227840548,0.785546341352133,0.597540467606786,1.4148302627137945,0.001,28.930132400011644,False
kaiming_uniform,16,0.2577376540299158,0.19793336782797702,0.9194643744676638,0.9279444882874907,0.7857784604554224,0.5997126352332992,1.4474352417427276,0.001,30.972451400011778,True
kaiming_uniform,17,0.2316314503649022,0.1730382908465137,0.9223268734622833,0.9307547206128616,0.9551654557808896,0.6506393744035607,1.317229039306882,0.001,31.225938499963377,True
kaiming_uniform,18,0.20976842666640155,0.16999775963362113,0.9243623824735868,0.9294073489500125,0.9531637465243817,0.6481378436379257,1.3659475312768659,0.001,30.651536700024735,True
kaiming_uniform,19,0.2179000913091746,0.16223826558140705,0.9265979364434481,0.9313417896945316,0.9568467631733872,0.7056831305384011,inf,0.001,29.267237499996554,True
kaiming_uniform,20,0.21199731447709194,0.16971305279617666,0.9312505284692848,0.9307932169460859,0.9526888277193871,0.700914983959963,1.4577596434686757,0.001,32.82387319998816,False
kaiming_uniform,21,0.19918515796669894,0.15222787018336523,0.9320321474310721,0.9328431466902778,0.9551096150337899,0.7113192864035064,1.2935844584985121,0.001,30.071501600032207,True
kaiming_uniform,22,0.1877851582526072,0.15058315348920492,0.9346719159563696,0.9442958058244952,0.9603520833504362,0.7810980272659505,1.2402376518172176,0.001,29.93415680003818,True
kaiming_uniform,23,0.19131705699160786,0.1482650261201168,0.9369569655860802,0.9629280311050372,0.9582750857721134,0.7756169399279121,1.2505786367043663,0.001,29.844637500005774,True
kaiming_uniform,24,0.18891905644290152,0.14816668679380895,0.9401123139014748,0.943814601659192,0.9552367432501375,0.72255519962724,1.3242462285271677,0.001,32.06451359996572,True
kaiming_uniform,25,0.17612883118851527,0.14416133116382107,0.9408031908202049,0.9590014051161627,0.9627504781490027,0.722830742143164,1.1142103098065668,0.001,30.512590600003023,True
kaiming_uniform,26,0.17595132722836687,0.1438219206859372,0.944263762371337,0.950330106057398,0.9587048043140302,0.7378342966315624,inf,0.001,31.137532000022475,True
kaiming_uniform,27,0.1769794140179424,0.13946296912980002,0.9428139520015839,0.9615999076088002,0.9594903525679949,0.7797679613777596,1.1834723502083166,0.001,30.254149599990342,True
kaiming_uniform,28,0.18071588414862674,0.141744455031967,0.944533926181348,0.945142725155429,0.960898112280395,0.693059529352322,1.2329582588644974,0.001,32.65279319998808,False
kaiming_uniform,29,0.16996055856270534,0.1411168862310541,0.9460971641049225,0.9408407599176178,0.9564904400324833,0.7249995505807921,1.2246319447577252,0.001,29.132806600013282,False
kaiming_uniform,30,0.1765708922078031,0.14219295088715672,0.9457651307200999,0.9622832175235309,0.9598730741850429,0.8194762511462654,1.1955861220458515,0.001,30.980743399995845,False
kaiming_uniform,31,0.1864640395834332,0.14964022631572052,0.9469860236630501,0.9469520528169691,0.959990706975768,0.7248013894087992,inf,0.001,29.648553999955766,False
kaiming_uniform,32,0.16525427609631868,0.13494475604771783,0.9472046294940513,0.9623313379400612,0.9620756706574943,0.7740478275515525,1.2020102429521988,0.001,32.15525160002289,True
kaiming_uniform,33,0.17483551568610323,0.13741031237415677,0.9474356092400148,0.9709160202490713,0.9613749496385955,0.8327417161522869,1.3310524708265241,0.001,30.678192499966826,False
kaiming_uniform,34,0.16093619968109343,0.14081024365989755,0.9505579604488431,0.9552672607934094,0.9628887273708489,0.7185900430187857,1.2014154081354664,0.001,30.198544599988963,False
kaiming_uniform,35,0.16051573327325167,0.13395443686958852,0.9514674431985746,0.9577214020364561,0.9636086628357879,0.8037133109154544,1.2125687080235044,0.001,29.44528290000744,True
kaiming_uniform,36,0.15578198880890498,0.13255540920956435,0.9513416417297909,0.9521683059688565,0.9627929032544008,0.7745568817282975,1.1546771836070195,0.001,31.63298950000899,True
kaiming_uniform,37,0.1589088855836724,0.13042419183872167,0.9509786735575624,0.9588377956999595,0.9635552962720343,0.831270552216414,inf,0.001,28.809831499995198,True
kaiming_uniform,38,0.1687966167799808,0.13161380399219516,0.9521665693939463,0.9622062248570824,0.9647204332649583,0.7861706297345528,1.298727156633692,0.001,28.346892200002912,False
kaiming_uniform,39,0.15416612749811057,0.1319640846828881,0.951263273601696,0.9637364541027467,0.9649966804210073,0.8085088176038235,1.1607587792702365,0.001,27.997477800003253,False
kaiming_uniform,40,0.16206102703213954,0.12915078253646725,0.9519644621162282,0.9591553904490597,0.963688020613235,0.7775307370150712,1.3813931559318606,0.001,31.75452299998142,True
kaiming_uniform,41,0.15489217754780543,0.1298256250287613,0.9527832028229025,0.9622158489403885,0.9644173307972138,0.7945178021467293,1.1384652752334936,0.001,29.579428900033236,False
kaiming_uniform,42,0.15014256365243733,0.1279207882918015,0.9523645520333436,0.9588377956999595,0.9627352752683042,0.7910655095361715,1.152448506310645,0.001,28.916759000043385,True
kaiming_uniform,43,0.14965546007168454,0.1332599359478957,0.9542288885543349,0.969693761669201,0.9621577563032528,0.8282330626263122,1.156394287558736,0.001,29.493187999993097,False
kaiming_uniform,44,0.1513755793250276,0.13220715685909348,0.9536700000618695,0.964660366100129,0.9659126556414271,0.7831886034226846,1.2485037197354976,0.001,32.070933800016064,False
kaiming_uniform,45,0.14835773941361366,0.12711898730840293,0.9544639929386192,0.9631493850210767,0.9668232828858119,0.814623841078455,1.1404248751102621,0.001,29.395473199954722,True
kaiming_uniform,46,0.14664501726689366,0.1267794848840473,0.953449331911708,0.9575385444536408,0.9632231341243505,0.7992984715615097,1.152254875042016,0.001,30.71819119999418,True
kaiming_uniform,47,0.14680523032813794,0.12756054723766214,0.9544866784493835,0.9573460627875194,0.9639116772961028,0.7109981483437763,1.2046429435584993,0.001,28.332386400026735,False
kaiming_uniform,48,0.14514048341112876,0.1232718290839666,0.955253861177048,0.9525243970511809,0.9634574350651293,0.7798189204587708,1.1230744305125708,0.001,31.819370199984405,True
kaiming_uniform,49,0.14558389691247448,0.14192553113597378,0.9556745742857673,0.9673936057590514,0.9653129060406754,0.8297894749751676,1.1858880855811107,0.001,31.55190760002006,False
kaiming_uniform,50,0.14609663226062952,0.12594303661224954,0.9551610568148305,0.9666717995110966,0.9646969084409792,0.804595797298805,inf,0.001,31.279267100035213,False
kaiming_uniform,51,0.14742271193782472,0.11925138857222024,0.9549156408347443,0.9603487767790118,0.965107588224274,0.8082755369679214,inf,0.001,30.4154678999912,True
kaiming_uniform,52,0.1423063023478922,0.11686427821126927,0.9551074365166604,0.9565280157065039,0.9647822530726514,0.7853175835263845,1.3139331060842874,0.001,32.162418199994136,True
kaiming_uniform,53,0.1434061361230236,0.11970438261136553,0.9564190715026676,0.9618308856081458,0.9655650230504417,0.7323165719026582,1.3949700726927081,0.001,28.378375899977982,False
kaiming_uniform,54,0.140405426405479,0.11982256164220915,0.9563798874386202,0.9701075972513618,0.9719569168250564,0.8181666872094789,1.3129530576163833,0.001,29.414934600004926,False
kaiming_uniform,55,0.14279525178031335,0.11658623153405284,0.9573306165715594,0.9668546570939118,0.9678940943943389,0.8126511960909197,,0.001,28.240043400030117,True
kaiming_uniform,56,0.13776431164746217,0.11751628053995321,0.957180067272851,0.9579331318691895,0.9636477813808955,0.7828056861502848,1.4809585560254659,0.001,31.71039429999655,False
kaiming_uniform,57,0.13669353811410373,0.11397599065333403,0.9566211787803857,0.9635632206032375,0.9692105530776148,0.8375420738230387,1.3150678624945225,0.001,28.488434800005052,True
kaiming_uniform,58,0.15761664830249433,0.11934726828824654,0.9587041211323782,0.959501857448078,0.9640208529458661,0.8009435932124253,inf,0.001,28.730219100019895,False
kaiming_uniform,59,0.13750521855880488,0.11699237795928659,0.956188091756704,0.9753334744865552,0.9635911129605642,0.8979029043097456,1.440345933935939,0.001,29.2645689000492,False
kaiming_uniform,60,0.14796725930314186,0.11542538620491835,0.9588691066652093,0.9604257694454603,0.9655891962278852,0.8037121876874957,1.5169077005221623,0.001,31.94880120002199,False
kaiming_uniform,61,0.1398888256111361,0.10768043963582817,0.9591207096027767,0.9711181259984987,0.9703383404458726,0.8315064480931292,1.483967709806964,0.001,30.424280999985058,True
kaiming_uniform,62,0.13269130918449357,0.10818921425809594,0.9593393154337779,0.9598771966970147,0.9701770059904412,0.8062695485289632,1.366276441228415,0.001,30.061813300009817,False
kaiming_uniform,63,0.13591725896817694,0.11124916997455718,0.9596445386695154,0.9741978326564394,0.9676716856896309,0.8614589571471126,1.4133628095787034,0.001,29.71494790003635,False
kaiming_uniform,64,0.13898677173155333,0.108733565390811,0.9595971053288265,0.9738224934075029,0.9710148402405694,0.8960522591430212,1.520720250244382,0.001,32.153580800048076,False
kaiming_uniform,65,0.1545686619894316,0.1085709011601986,0.9615893056377619,0.9726291070775509,0.9728884864629866,0.8901677527644711,inf,0.001,28.815848300000653,False
kaiming_uniform,66,0.13042580632162276,0.10944234793898373,0.9599394503094509,0.9638134467691952,0.9703872681550948,0.8338021426341308,1.416908343857005,0.001,31.618578399997205,False
kaiming_uniform,67,0.1228490904683495,0.10447792799250741,0.9602694213751132,0.9730333185764056,0.9730712237184388,0.895835694025998,1.201174600203109,0.0005,30.942812699999195,True
kaiming_uniform,68,0.124624462287693,0.10246571341627976,0.9616552998508944,0.9660366100128963,0.9715788162236093,0.8826247019320442,1.2156408946756823,0.0005,32.6351902000024,True
kaiming_uniform,69,0.12174831886749811,0.10343773196502509,0.9617934752346403,0.9653436760148596,0.9719302497665882,0.8761824050926071,1.236859132979804,0.0005,28.943698699993547,False
kaiming_uniform,70,0.12079392141477113,0.09963001117479964,0.9623812361953511,0.9671048832598695,0.9724500612321694,0.8858580958261543,1.1814585299533693,0.0005,29.097664900007658,True
kaiming_uniform,71,0.1403415727948228,0.10513606256734964,0.962051265129689,0.9730140704097935,0.9728467168405251,0.8349109463926717,1.593800722837511,0.0005,28.619223600020632,False
kaiming_uniform,72,0.12049955286202214,0.10070290641130902,0.9632515348810351,0.9729948222431813,0.9736338716026157,0.8952288582279652,1.2293829029653898,0.0005,32.62347980000777,False
kaiming_uniform,73,0.12279788727659306,0.10127663176915548,0.962826697133995,0.9723788809115932,0.9732441833236258,0.8957541521759936,inf,0.0005,28.448673799983226,False
kaiming_uniform,74,0.12185977162690165,0.10312239655956777,0.9625544710048237,0.9666621754277905,0.9691032409566084,0.8805024778189061,1.3121479554219713,0.0005,28.749150199990254,False
kaiming_uniform,75,0.1419517854993298,0.10088246909908419,0.963181416029582,0.9740919677400728,0.9735170038830759,0.8463420363596507,1.5475215732045315,0.0005,29.93131049996009,False
kaiming_uniform,76,0.11891728895041392,0.0999232728499695,0.9651488685085926,0.9675668392585606,0.9723968866183917,0.8291264740793713,1.1295674131035742,0.00025,32.83347040001536,False
kaiming_uniform,77,0.11617380139477812,0.0993233017427383,0.9639527233955673,0.9676630800916213,0.9714243338599046,0.8272240671109414,1.1460151656055313,0.00025,29.941772199992556,True
kaiming_uniform,78,0.11741916282369161,0.10038362735515953,0.964493051015589,0.9676727041749273,0.97234854455732,0.8272767840668482,1.1735891855325755,0.00025,29.75715099996887,False
kaiming_uniform,79,0.11562788914183322,0.09861475770722165,0.9643425017168807,0.9678555617577426,0.9728613998659603,0.8859478833548632,1.1811306295279838,0.00025,27.912397200008854,True
kaiming_uniform,80,0.11716449806852898,0.09945197660335643,0.9640249045661808,0.9734182819086482,0.9737460694995396,0.8992779788082222,1.1382014595978118,0.00025,32.5747005000012,False
kaiming_uniform,81,0.11812597833751858,0.09929744639930245,0.9648890162943837,0.967480222508806,0.9747487402174535,0.8527578481198811,1.2237470443144378,0.00025,28.249174600001425,False
kaiming_uniform,82,0.11796614045177244,0.09765207316433387,0.964476552462306,0.967913306257579,0.9727433470718195,0.8856364053866872,inf,0.00025,28.15310739999404,True
kaiming_uniform,83,0.11673221954065399,0.09977716177388168,0.9639217886081615,0.9679710507574154,0.9726183711424102,0.884415119781269,1.1568468918332255,0.00025,29.993111599993426,False
kaiming_uniform,84,0.13808634760017793,0.09797072647783664,0.9640434654386244,0.9732258002425269,0.9738026315299401,0.9000292662028849,,0.00025,31.41302129998803,False
kaiming_uniform,85,0.11658987696325848,0.09828233158942001,0.964540484356278,0.9679325544241911,0.9725362967537237,0.8836927562936238,1.1446775440480323,0.00025,28.265960399992764,False
kaiming_uniform,86,0.11755841896167019,0.09854311566448022,0.9640805871835113,0.9728312128269783,0.9734092945142052,0.8975150715733449,1.1987341910341307,0.00025,28.766897900030017,False
kaiming_uniform,87,0.12237122045145195,0.09678843506956193,0.9648518945494967,0.9740919677400728,0.97369245600866,0.9020075491588663,1.3341343492576028,0.00025,27.825742199958768,True
kaiming_uniform,88,0.1183232337974777,0.09743875957906568,0.964115646609238,0.9737358766577483,0.9740506306290859,0.900395938493774,1.2613953393392798,0.00025,31.371486900025047,False
kaiming_uniform,89,0.12568365410026366,0.09688124499637542,0.9640352161619828,0.9754874598194522,0.9740609869462405,0.9063165035961541,inf,0.00025,28.51590179995401,False
kaiming_uniform,90,0.14872701927863688,0.0969089841198683,0.9653241656372257,0.9699439878351587,0.9720305022361658,0.890421888087015,inf,0.00025,28.989040300017223,False
kaiming_uniform,91,0.11324828686814338,0.0977263377982517,0.9656087656813593,0.9686928570053702,0.9728480465134027,0.8874133710360349,1.1651715591927119,0.00025,29.520274100010283,False
kaiming_uniform,92,0.1163885929184664,0.09672975703648552,0.964726093080713,0.9746020441552942,0.9733090162810553,0.9007832084581957,1.3794906999962995,0.00025,31.72143519995734,True
kaiming_uniform,93,0.11360458839331634,0.09647722385854272,0.9650746250188187,0.9739283583238697,0.9737294495653712,0.90132912498146,1.1654154767089755,0.00025,29.064280299993698,True
kaiming_uniform,94,0.11327269944837748,0.09802047455331243,0.9649220134009499,0.9727445960772236,0.9731665959526771,0.8958872008124414,1.1903784514841023,0.00025,28.251405199989676,False
kaiming_uniform,95,0.13441988924687928,0.09750728351976741,0.9648209597620908,0.9753238504032491,0.9723093906103671,0.903561416167373,inf,0.00025,28.886024000006728,False
kaiming_uniform,96,0.11650918417563819,0.09645644581767865,0.9663099541958915,0.9744673069890093,0.9741035041886515,0.9031101182578042,1.4403965890069614,0.00025,31.782874699973036,True
kaiming_uniform,97,0.11439847900319487,0.09625982999127035,0.966068662854126,0.9750928724039035,0.9744503065348767,0.9044113701439579,1.2202131781169068,0.00025,29.631662699976005,True
kaiming_uniform,98,0.12379072365408582,0.09706774229501124,0.9663140788342123,0.9697996265855677,0.9723340029187062,0.8899009099284546,1.4104044245485263,0.00025,29.440954699995928,False
kaiming_uniform,99,0.11313307239172463,0.09729023558298226,0.9653200409989049,0.9736588839912999,0.9736028506383417,0.8993156482255683,1.1701068452437593,0.00025,32.36372859997209,False
kaiming_uniform,100,0.11442063040813863,0.09653803308378424,0.9651364945936303,0.9696071449194464,0.9727037327540784,0.8912624596207454,1.2117588332606644,0.00025,32.25405210000463,False
kaiming_normal,1,0.7712622606858616,0.49012576473979264,0.7757764116059073,0.8652147132985583,0.7249951771629087,0.4949195666615047,inf,0.001,30.568326899956446,True
kaiming_normal,2,0.48548136050372476,0.4237711246834222,0.8597457985402905,0.882605431832618,0.7318507311203795,0.5243167691681486,1.3765251518930564,0.001,29.282163799973205,True
kaiming_normal,3,0.4377765546846792,0.3699592286793832,0.8786985116242619,0.8806517429214867,0.731782510777074,0.5097903477066611,inf,0.001,28.18041039997479,True
kaiming_normal,4,0.4069515900788091,0.3676357395235522,0.8869374766700145,0.8926048543876196,0.7416128194022282,0.4989344197250927,1.258088935905368,0.001,32.643488299974706,True
kaiming_normal,5,0.3893109009757944,0.3327222311832658,0.8935513342173809,0.90715646834639,0.7453437344262079,0.5437164777331288,1.2424675255762374,0.001,29.037956099957228,True
kaiming_normal,6,0.3689283978041442,0.32181475267878046,0.8991010350779866,0.8960502762111909,0.7457266676889964,0.5048222770788647,1.1966390123095694,0.001,28.128060100018047,True
kaiming_normal,7,0.351537719985336,0.2877827683696411,0.9028400197157712,0.9112467037514677,0.7769492499040226,0.5773884665384809,1.2188736072698223,0.001,30.352104799996596,True
kaiming_normal,8,0.33123903563704543,0.2765093240380331,0.9055602186883238,0.9112852000846919,0.7683026595033159,0.5682198948170657,1.3933443375529115,0.001,32.17170589999296,True
kaiming_normal,9,0.3192280609174252,0.26359445609517584,0.9079421973185726,0.9118241487498315,0.7782370639139068,0.5697505231996668,1.4196911871056013,0.001,28.534677600022405,True
kaiming_normal,10,0.29044283956627887,0.2726480107679681,0.9113532732098554,0.9298596808653976,0.7848458181665969,0.6063856179146441,1.468331596110692,0.001,28.536726200021803,False
kaiming_normal,11,0.28981408610208,0.24208297627189218,0.9146158621215902,0.9167805516524551,0.7823519754921192,0.5947995674661373,1.581098193043395,0.001,28.088346000004094,True
kaiming_normal,12,0.2739989085252209,0.23848399029630185,0.9152015607631406,0.9253652339614652,0.7860422695986466,0.6028316906965622,inf,0.001,27.990582300000824,True
kaiming_normal,13,0.282146435869306,0.2253129465587834,0.9168019204316021,0.9194367986449291,0.7852775499418209,0.5929927840749276,inf,0.001,27.936189399973955,True
kaiming_normal,14,0.2746179994934556,0.2288931373523922,0.9194581875101827,0.9202837179758628,0.7829854726242362,0.5959342340589867,1.5839283187178117,0.001,27.89989419997437,False
kaiming_normal,15,0.24414962072626015,0.21019366479006257,0.9215596907346187,0.9217658268049969,0.784180444094558,0.5993403711401898,1.584569051861763,0.001,29.51327559998026,True
kaiming_normal,16,0.24138857427184773,0.2275305572127299,0.9215266936280525,0.9257983177102381,0.7841370795204975,0.6077930253400107,1.586090105904054,0.001,31.13564650004264,False
kaiming_normal,17,0.24913407423001202,0.18262406590359917,0.9234487750855347,0.9226223702192367,0.7869755911803278,0.6068572906251262,1.6965558523555848,0.001,30.743700599996373,True
kaiming_normal,18,0.23865443272663467,0.20737760162623356,0.9243458839203037,0.9286662945354455,0.7845567901400717,0.6135635799068654,1.7675718219974372,0.001,27.82018069998594,False
kaiming_normal,19,0.21333302734248205,0.18173272274463967,0.9284746468794017,0.9366061632629492,0.7880885636251637,0.6153842710726148,1.5426223497476257,0.001,28.118810200016014,True
kaiming_normal,20,0.22106190475344914,0.17126286024021908,0.9284581483261186,0.9351433026004273,0.8713823313791971,0.6698123898946817,1.6013241128579474,0.001,29.585045699961483,True
kaiming_normal,21,0.19631511146707967,0.16679554800061341,0.9296419195241817,0.9354897695994456,0.954166738343018,0.7266066857484326,1.355881861965113,0.001,30.59074640000472,True
kaiming_normal,22,0.20254060394521428,0.16054384684552586,0.9335541389714389,0.9329586356899505,0.9571496649439087,0.7821188989352507,inf,0.001,27.919280699978117,True
kaiming_normal,23,0.19633497059963123,0.15563136126367158,0.9335685752055617,0.9436606163262949,0.9582255126509973,0.7253880149952071,1.5134675070517676,0.001,28.76296069996897,True
kaiming_normal,24,0.18769788651559707,0.1538942233265792,0.9341707724003951,0.9456046811541201,0.9575189662231058,0.8029322326748245,1.4735515190893587,0.001,30.055604099994525,True
kaiming_normal,25,0.19145008173598096,0.14929557206004154,0.9353834160667036,0.9345754816853694,0.9585281499716052,0.7169696130490162,1.5187873330108728,0.001,30.753313500026707,True
kaiming_normal,26,0.19299737389328397,0.15452266748014884,0.9348142159784364,0.9299366735318461,0.9552120720563679,0.6978576837113929,inf,0.001,27.757187200011685,False
kaiming_normal,27,0.18979674272035324,0.14697360985318503,0.936913656883712,0.9479144611475757,0.9616645273262127,0.7553335239846418,1.4645011634939205,0.001,27.864964200009126,True
kaiming_normal,28,0.19094484906471282,0.14514464497258753,0.9358886842609989,0.9383000019248167,0.9600081879213619,0.7926216358106647,1.6781445368652856,0.001,28.32842309999978,True
kaiming_normal,29,0.1730341868144772,0.14323224683522723,0.9377241483137447,0.9414470771658999,0.9607252596831669,0.7283573798890441,1.3805905129870533,0.001,30.852758200024255,True
kaiming_normal,30,0.17636802384970687,0.14166900261233012,0.9369693395010426,0.9485304024791639,0.9586127594982784,0.7354529411532426,1.6239220196664144,0.001,27.760202899982687,True
kaiming_normal,31,0.17430282855024484,0.14301123733842022,0.9391801456409791,0.9471926548996208,0.9584108193622297,0.7495222796041586,1.5930933501209892,0.001,28.57549110002583,False
kaiming_normal,32,0.18534864302881782,0.1386204269680002,0.9395451761323679,0.936288568513849,0.9595706187200457,0.7346036878068899,inf,0.001,30.135281700000633,True
kaiming_normal,33,0.1636010457671807,0.13469986092541084,0.9381324875075017,0.9397821107539507,0.9607559077499896,0.7405689107150595,1.5030508938595213,0.001,31.940607199969236,True
kaiming_normal,34,0.16585034686554537,0.13629274813557024,0.9391904572367811,0.9435932477431525,0.9612948889877772,0.7184680962771197,1.5282278238611005,0.001,28.1689113000175,False
kaiming_normal,35,0.16093431869614333,0.13456797221419492,0.9410981024601405,0.940869632167536,0.960214751904647,0.7409582158303271,1.6235715174096546,0.001,28.375064399966504,True
kaiming_normal,36,0.16394595049481314,0.1357948463186778,0.9400731298374274,0.9427752006621369,0.9603191023669133,0.7441685610283514,1.7161273807758772,0.001,27.84550479997415,False
kaiming_normal,37,0.18365771283771876,0.13150469128180062,0.9431150505990006,0.9408118876676996,0.9603789378438728,0.7407698858667745,inf,0.001,32.2161079000216,True
kaiming_normal,38,0.15295914484927542,0.12920593613157041,0.9436223811124562,0.9465478413181144,0.9615757765665447,0.8086806363448069,1.780277726507671,0.001,28.371094200003427,True
kaiming_normal,39,0.15816230939692213,0.12895231392951112,0.9440554681361378,0.9468750601505207,0.9608416015780215,0.8086039830681543,1.7796541634428351,0.001,29.341333999997005,True
kaiming_normal,40,0.15407119212214943,0.12664578213507321,0.9421148258062121,0.9481261909803091,0.9584107963378373,0.7759097056883507,1.6232616183375508,0.001,32.249462399980985,True
kaiming_normal,41,0.150523421711334,0.13196168295977295,0.945218616142597,0.9511000327218833,0.9629413452500603,0.7613125510235422,1.4787086692996292,0.001,32.11586169997463,False
kaiming_normal,42,0.16338955446987125,0.1252583737077629,0.9462683365952348,0.9450753565722865,0.961670015788839,0.7503741348797348,inf,0.001,27.96963519998826,True
kaiming_normal,43,0.1542359727195848,0.12113972332076801,0.9466622395548691,0.9679325544241911,0.970881306651164,0.8228725293639324,1.6962351828326279,0.001,28.49081839999417,True
kaiming_normal,44,0.14682345161241486,0.12233710670300017,0.9481512339886696,0.9453159586549381,0.9617137188949768,0.7471755041641744,1.668596142502148,0.001,28.033832099987194,False
kaiming_normal,45,0.14765150821922698,0.11892055426745676,0.949718596550565,0.9684233826728004,0.9717002180408943,0.7277241418693925,1.7707029969160315,0.001,32.106746100005694,True
kaiming_normal,46,0.159416016323441,0.11825350947913138,0.9493968747615443,0.9573268146209074,0.9648880868317192,0.8448622254003305,inf,0.001,27.591021100000944,True
kaiming_normal,47,0.14431693589341962,0.11568405009166403,0.9500630038503499,0.9636787096029104,0.9709561783987929,0.7226741723771134,1.5914423520743595,0.001,29.09941089997301,True
kaiming_normal,48,0.14253791787194955,0.11567798486272747,0.9520448925634833,0.9586260658672261,0.9698677915339982,0.7714468955137637,1.5584447412959885,0.001,29.49838219996309,True
kaiming_normal,49,0.1404491921852963,0.11515261556299887,0.9528533216743557,0.963476603853483,0.9706774648116449,0.8152678453959514,1.5046041712306346,0.001,31.99824929999886,True
kaiming_normal,50,0.14174124847669659,0.12163161487147325,0.9525130390128915,0.9643620195176409,0.9670136350574432,0.8110603579347635,1.7128223960566873,0.001,28.492939900024794,False
kaiming_normal,51,0.14382666839933828,0.11162217449149968,0.9537937392114929,0.9624468269397339,0.9708323928177505,0.8368190284718579,1.7350956694564865,0.001,28.44072930002585,True
kaiming_normal,52,0.1365255388239027,0.11809887967596035,0.9536060681678975,0.9639578080187862,0.9658449079428536,0.7700784744432153,1.5859292850747138,0.001,28.20690409996314,False
kaiming_normal,53,0.151439026712226,0.11400775338663434,0.9532595985489523,0.9569514753719708,0.9690353390520546,0.7777544041795047,inf,0.001,31.900974499993026,False
kaiming_normal,54,0.13630931884875064,0.10961511327878799,0.9546289784714503,0.9648817200161685,0.9715110959085518,0.8174818242574161,1.630182122004136,0.001,29.044759800017346,True
kaiming_normal,55,0.13928398727599134,0.10843122770010127,0.9559158656275328,0.9640444247685408,0.971458704103235,0.8101951773790427,1.6238936551331782,0.001,28.623634900024626,True
kaiming_normal,56,0.1342858755137106,0.11561244486858395,0.9567016092276408,0.9634381075202587,0.9659007441562467,0.8078808371664707,1.5664069150664888,0.001,29.4786097999895,False
kaiming_normal,57,0.1304736435244033,0.10942600509869045,0.9585143877696225,0.9647277346832714,0.9710224189061799,0.7861394518633115,1.4355838698716166,0.001,31.093311100034043,False
kaiming_normal,58,0.1377576342833566,0.10955944133477635,0.956596430950461,0.9631012646045464,0.9704970412539721,0.8070563105327683,1.8040379701645943,0.001,29.332333100028336,False
kaiming_normal,59,0.13069575052021942,0.10637173864861332,0.9573801122314087,0.9712817354147018,0.9729620291376481,0.8573524089077278,1.5282229298277745,0.001,28.308966499986127,True
kaiming_normal,60,0.1311480299674192,0.1057225978167053,0.9576750238713443,0.963341866687198,0.9712451978348439,0.8339420885299265,1.4706356664765863,0.001,28.391582100011874,True
kaiming_normal,61,0.1330666956101303,0.10625922079644157,0.9590134690064365,0.9687890978384309,0.9726803196421066,0.8798538045851663,1.6508342813669001,0.001,28.20330270001432,False
kaiming_normal,62,0.1301914033832321,0.1038755473139045,0.9597682778191388,0.9635824687698497,0.9712809233607477,0.8122316123432965,inf,0.001,28.334534499968868,True
kaiming_normal,63,0.13282542816900797,0.10735823418642837,0.9588031124520768,0.9706272977498893,0.970737504097808,0.8486612552355665,1.5781631953857116,0.001,28.533977500046603,False
kaiming_normal,64,0.13031550809646952,0.10701310711652898,0.9585886312593964,0.9633899871037284,0.9712850990078912,0.8098625135127787,1.5129539936089313,0.001,29.086617499997374,False
kaiming_normal,65,0.12565275895000624,0.11023825743754917,0.9599085155220451,0.9637075818528286,0.9720873449768792,0.8376971007270749,1.3887589655675088,0.001,30.89478339999914,False
kaiming_normal,66,0.14203607484393044,0.10667370248260327,0.9600796880123574,0.9649009681827806,0.9712661361770457,0.8465425916844848,inf,0.001,30.234603000048082,False
kaiming_normal,67,0.13566247808600834,0.11463173729422103,0.9598528329047147,0.9723885049948993,0.9725854031170943,0.8600087811048936,1.5360120421644883,0.001,28.457110800023656,False
kaiming_normal,68,0.12312124897034635,0.10137271975754127,0.9619481491716695,0.9719650453294324,0.9730360868361788,0.8574792299187965,1.4456934221010294,0.0005,27.79733639996266,True
kaiming_normal,69,0.11998480209725097,0.10181138726308082,0.9614861896797424,0.9646314938502107,0.971914269030524,0.8699235264456296,1.3062523941387607,0.0005,29.496955699985847,False
kaiming_normal,70,0.1195977191414561,0.09867676533769396,0.9616449882550924,0.9713009835813139,0.9730726969532489,0.8892135328542868,1.2120226457605006,0.0005,31.61789160000626,True
kaiming_normal,71,0.12322990536192348,0.10166493416041325,0.9613851360408834,0.9725809866610206,0.9729441470793004,0.8569842494557642,1.3923929599644262,0.0005,28.57531340001151,False
kaiming_normal,72,0.11843439500789261,0.10102571169863059,0.9621172593428213,0.9646988624333532,0.9712348167329151,0.8707358333718994,1.2595294524958742,0.0005,28.814504000009038,False
kaiming_normal,73,0.1315042300258628,0.09991265094414704,0.9626720231969659,0.9724847458279599,0.9730387816116113,0.8916335948971014,inf,0.0005,30.741294000006747,False
kaiming_normal,74,0.11918496432769078,0.10327508115902435,0.9627875130699477,0.9710411333320501,0.972174571897748,0.886565116279256,1.3337434915047657,0.0005,31.435673200001474,False
kaiming_normal,75,0.13023550828868874,0.09871243763972234,0.9637506161178492,0.9669412738436663,0.9726947341633694,0.8773290694083044,1.5447976757941242,0.0005,28.42694410000695,False
kaiming_normal,76,0.11417519600736764,0.09764980974038925,0.9629318754111749,0.9662675880122419,0.9722335429348722,0.8757115798601266,1.176033475715274,0.00025,28.98867729998892,True
kaiming_normal,77,0.115219613574396,0.09917689963323081,0.9629009406237691,0.9662098435124055,0.9722343764870093,0.8742992874789804,1.2822667523385478,0.00025,28.838589299994055,False
kaiming_normal,78,0.12011678413376765,0.09826031075218856,0.9646188524843727,0.9682790214232094,0.9718273401557936,0.8832202897056401,,0.00025,31.732432099990547,False
kaiming_normal,79,0.11304006889914185,0.09739081077613956,0.9637279306070848,0.9715608338305777,0.9747934240324218,0.8911083237434084,1.344438936105509,0.00025,28.111851099994965,True
kaiming_normal,80,0.11547385403852238,0.09746244541662957,0.9637217436496037,0.9719939175793506,0.9730812190117403,0.890614593244006,1.3364885951262675,0.00025,28.563297599961516,False
kaiming_normal,81,0.11527964148155054,0.09792609295654492,0.9643404393977203,0.9661809712624873,0.9737274987454949,0.8780199927493567,1.2782559816878807,0.00025,30.06559389998438,False
kaiming_normal,82,0.11427282514822584,0.09755898189144736,0.9635340726060083,0.972205647412084,0.9745218921430315,0.8926123755648683,1.2855415063132118,0.00025,31.2806794999633,False
kaiming_normal,83,0.1139042032586613,0.09799527003120656,0.9646353510376559,0.9730140704097935,0.9733889546911385,0.8628056252415969,1.5031378506584572,0.00025,28.10207600001013,False
kaiming_normal,84,0.11436577351970191,0.09615271142956851,0.9651674293810362,0.972359632744981,0.974962398734683,0.8622495841876545,1.2989948999906895,0.00025,28.75027040002169,True
kaiming_normal,85,0.11504124225644803,0.09630505470199938,0.9642558843121444,0.9718303081631474,0.9738502107538692,0.8572934986716384,1.397946940090523,0.00025,28.355199499987066,False
kaiming_normal,86,0.11453343774718716,0.09644532994810015,0.9648828293369025,0.9733509133255057,0.9749186604324863,0.8653223816444618,1.289088974211695,0.00025,32.73618299997179,False
kaiming_normal,87,0.11746007966988503,0.09788937619993864,0.9648250844004116,0.9730718149096299,0.9733594590356541,0.8630397723904367,1.2953803585724364,0.00025,28.0650913999998,False
kaiming_normal,88,0.11247058009434997,0.09722733513394731,0.9645136742071929,0.9745442996554579,0.9738201238491341,0.9033800916499227,1.2815482894249481,0.00025,27.87606759998016,False
kaiming_normal,89,0.117665710359544,0.09600849013582055,0.9652602337432536,0.9741593363232152,0.9751695836663318,0.9037436843346264,inf,0.00025,29.64232660003472,True
kaiming_normal,90,0.1245359445506454,0.09608333007164038,0.9661119715564941,0.973100687159548,0.97354818913949,0.8975774989260493,inf,0.00025,32.348905400023796,False
kaiming_normal,91,0.11418614024560017,0.09640999732388227,0.9659531729811442,0.9681442842569246,0.9715365039335259,0.8827940153124256,1.3405870110708198,0.00025,27.96718850004254,False
kaiming_normal,92,0.11404884115450079,0.09476765136508752,0.965049877188894,0.9735145227417088,0.9752791065850684,0.9005078338274988,1.2079901121250247,0.00025,28.59369929996319,True
kaiming_normal,93,0.11178913413996441,0.09535056611613847,0.9655077120425003,0.9729274536600389,0.9733274110497482,0.8964877096432612,1.2518201180446877,0.00025,28.43209040001966,False
kaiming_normal,94,0.11811347892302532,0.09822090861634557,0.9651364945936303,0.9750351279040671,0.9753072625843454,0.9054906207187027,inf,0.00025,31.856273900019005,False
kaiming_normal,95,0.11084432665099099,0.09703689654658229,0.965782000490832,0.9740630954901546,0.9756023096940029,0.899468339555792,1.2993274521326277,0.00025,28.197660100006033,False
kaiming_normal,96,0.14309261030674345,0.09625082885038704,0.9662645831743629,0.9741593363232152,0.973872875315048,0.9020300959635476,1.527180635712192,0.00025,27.942892500024755,False
kaiming_normal,97,0.11206332661437071,0.09616474223440243,0.9666646730914783,0.9734856504917907,0.9749513453871103,0.8989449199489575,1.2809821920280782,0.00025,29.68845620000502,False
kaiming_normal,98,0.11268688883602082,0.09557144237758267,0.9668523441350737,0.9736300117413816,0.9752187104698978,0.8988526451747361,1.3672420983536775,0.000125,31.906329600024037,False
kaiming_normal,99,0.11009368884279885,0.09529528278917918,0.9662274614294759,0.9735048986584028,0.9735716562109628,0.8988472435251432,1.3894759627051243,0.000125,27.99425509996945,False
kaiming_normal,100,0.11399097541850123,0.0945168964478324,0.9669987687954612,0.9735915154081574,0.9749174687996124,0.8988308687384233,inf,0.000125,28.1059831000166,True
lecun_normal,1,0.7474139910213232,0.5376127499339785,0.7875852511182926,0.8550324331607414,0.7191481666063968,0.4689609791099707,inf,0.001,28.021120199991856,True
lecun_normal,2,0.4831030416061758,0.41606092583792864,0.867995075181845,0.8886301079822146,0.7329803845150797,0.5061301295744991,1.0964295639015955,0.001,30.97582999995211,True
lecun_normal,3,0.4220459508359582,0.34512732203657526,0.8850257068083343,0.8908243989759975,0.7411995682780992,0.5143514736653294,1.0344217710731403,0.001,29.872591999999713,True
lecun_normal,4,0.3912091530681738,0.3509589618485401,0.8931801167685108,0.8982638153715858,0.7416990737907364,0.5119439950776172,1.0321737754194042,0.001,28.377167999977246,False
lecun_normal,5,0.3642318423126639,0.3339514291045195,0.8994928757184605,0.9088406829249513,0.7469825909866614,0.5488924323892981,1.0268601841187175,0.001,29.2656073999824,True
lecun_normal,6,0.3564923391188366,0.3106720571377701,0.9035680183793884,0.9071179720131658,0.7526459952563762,0.5446002168161396,inf,0.001,31.380484600027557,True
lecun_normal,7,0.3306360007933357,0.295279550126842,0.9070492131221244,0.9090716609242969,0.7577910173698673,0.5576899045396254,1.1221512523381518,0.001,28.88594850001391,True
lecun_normal,8,0.311278611523366,0.26165524906569043,0.9095961772852043,0.9133351298288838,0.7784101468972527,0.5721737411906093,1.3380059442062417,0.001,28.32754789997125,True
lecun_normal,9,0.3030998497430146,0.25528190960356895,0.9101014454794996,0.9137489654110446,0.7814765685944308,0.5752969842050377,1.5050538590940241,0.001,28.012816500035115,True
lecun_normal,10,0.28121808681922333,0.2708099491665793,0.91291651113343,0.9181375473986103,0.7824542386690249,0.5852756874208389,inf,0.001,27.839760400005616,False
lecun_normal,11,0.27523962719499645,0.21415648076760652,0.9161770377260045,0.9185513829807711,0.7827600280257436,0.5881276138639094,1.6839924879717927,0.001,28.714315200049896,True
lecun_normal,12,0.25489221339497026,0.2266697918598001,0.9184270279299884,0.9245664350470618,0.7844499441609442,0.5963231956543019,1.637886132589121,0.001,28.398244699987117,False
lecun_normal,13,0.25595769042004446,0.19129200442712502,0.9197984701716468,0.9218139472215271,0.9522646462818045,0.7650286573915892,1.6975294323913155,0.001,29.010410699993372,True
lecun_normal,14,0.2621242837236996,0.2546865558416839,0.9209471819439833,0.9202933420591689,0.7839684143948586,0.5911257594207014,inf,0.001,30.598216200014576,False
lecun_normal,15,0.22909265487456174,0.18523413292290516,0.9233353475317133,0.9275883972051662,0.9516647200259558,0.7714666690609331,1.5973036073556932,0.001,30.428611000010278,True
lecun_normal,16,0.22309500392405762,0.1851731591702352,0.9253626072663753,0.9316401362770196,0.7855670329931499,0.6154354726897092,1.598506469829676,0.001,27.51508450001711,True
lecun_normal,17,0.21092768799258504,0.16599855413646245,0.9277528351732658,0.9287721594518122,0.9551938937728681,0.7783400114203386,1.553645951838433,0.001,28.2241953999619,True
lecun_normal,18,0.21407738127033432,0.16819967494825172,0.927924007663578,0.9391180490058322,0.9575716998607038,0.7529429145340742,1.7207047269062654,0.001,28.89287380001042,False
lecun_normal,19,0.21422880446673417,0.16177070584979444,0.9333045983530319,0.9401382018362751,0.9562627256380454,0.7841185543792898,inf,0.001,31.798432599985972,True
lecun_normal,20,0.20692237449876053,0.16198166516201973,0.9336201331845714,0.940417300252151,0.9574421384587942,0.7185903817644941,1.6544624955908156,0.001,29.229173300031107,False
lecun_normal,21,0.1819670422577999,0.16190212580328567,0.9341687100812347,0.9417261755817758,0.957128976310894,0.7378682147836092,1.4109432013540328,0.001,29.01932800002396,False
lecun_normal,22,0.18824429638795856,0.15391224478054416,0.9353050479386089,0.9358939810983004,0.9594389573597942,0.6820995938473288,1.5249437268917696,0.001,30.655095599999186,True
lecun_normal,23,0.1779023784033697,0.15215131555191352,0.9352823624278446,0.9421015148307124,0.960021201837551,0.7380344223727296,1.408950503962704,0.001,31.492029700020794,True
lecun_normal,24,0.18563290924309991,0.15554480280836785,0.9364187002852188,0.9413893326660635,0.9581362939322849,0.757738051155438,inf,0.001,28.25336360000074,False
lecun_normal,25,0.17435540109974537,0.14920795766645945,0.9372993105667047,0.9367793967624584,0.9599694934495782,0.6380371128802368,1.4055065346983917,0.001,28.328802499978337,True
lecun_normal,26,0.1694223781420499,0.15084099420876487,0.9392317036199889,0.9372798490943738,0.9574648626256451,0.7356271315492166,1.4323339373313424,0.001,27.853077900013886,False
lecun_normal,27,0.16909967973220427,0.14933398519193689,0.9396916007927555,0.946037764902893,0.9570879112399485,0.7707139767714496,1.416753659189879,0.001,27.626680899993517,False
lecun_normal,28,0.17646026462439743,0.14845046196865366,0.9396874761544347,0.938059399842165,0.9597452566482377,0.734778535669439,1.563067641046354,0.001,28.249394699989352,True
lecun_normal,29,0.16525754347317861,0.15070848194936232,0.9395039297491601,0.9281080977036937,0.9577050653931488,0.7321501296285944,1.5607686185981402,0.001,28.39136010000948,False
lecun_normal,30,0.18418725233029218,0.14745359643446232,0.939376065961216,0.9505995803899678,0.9617753902957845,0.8167056015326978,inf,0.001,29.92143029998988,True
lecun_normal,31,0.17784637818620125,0.1472581834925533,0.9424303606377515,0.9469809250668874,0.9567187260612317,0.8069066993324516,inf,0.001,32.23835030000191,True
lecun_normal,32,0.16665406017988316,0.13711168102182497,0.9401267501355974,0.9424191095798126,0.9599413311708056,0.7904158052903639,1.6250562213266952,0.001,27.68093009997392,True
lecun_normal,33,0.1706650069676384,0.14053070960397213,0.9382768498487289,0.9458067869035475,0.9598302438312394,0.708135585815551,1.756695411784991,0.001,28.540070400049444,False
lecun_normal,34,0.1583715753165724,0.13176249930932635,0.9400772544757482,0.9458356591534657,0.9614801265088749,0.6659727386011259,1.6914114441549728,0.001,28.07649870001478,True
lecun_normal,35,0.17060058455035654,0.13540297248365882,0.9419312794009376,0.9368756375955191,0.9588619803038051,0.7099494985177257,2.0266514325726637,0.001,31.744452300015837,False
lecun_normal,36,0.15455203214688348,0.13144670145274323,0.9389429789375344,0.9449598675726137,0.960714442082326,0.7417148987037878,1.8146611169797962,0.001,28.89080890000332,True
lecun_normal,37,0.1652268509542485,0.12274076242952896,0.9418879706985693,0.942929185995034,0.9657712886435487,0.7469732806472428,inf,0.001,28.794571099977475,True
lecun_normal,38,0.16101253690478778,0.12379611401810967,0.9425994708089035,0.955055530960676,0.967429849081095,0.7837989467682845,2.143690526273243,0.001,30.184021199995186,False
lecun_normal,39,0.148850465742987,0.12502313557619807,0.944311195712026,0.9486170192289185,0.9616250114011905,0.8047301226380026,1.8047115551975834,0.001,32.13034610002069,False
lecun_normal,40,0.14663143540495394,0.12268036943866716,0.9467550439170865,0.95979057994726,0.9688234033521143,0.7226486846929765,1.7107358665523837,0.001,28.735079600010067,True
lecun_normal,41,0.14506440354250186,0.12147488684552633,0.9483801514154727,0.9597713317806479,0.9645043159659572,0.7825756278209287,1.55206785531801,0.001,28.458959400013555,True
lecun_normal,42,0.1522035028262142,0.118171905530999,0.9514323837728479,0.9612823128597001,0.9693990640355584,0.8658508186712478,inf,0.001,28.22406029998092,True
lecun_normal,43,0.14246592564960014,0.12428990365316064,0.9511024127071858,0.9630146478547918,0.9700102119674968,0.8131652003837572,1.8290556168482337,0.001,30.520723699999508,False
lecun_normal,44,0.139033066917696,0.11624813116546949,0.951597369305679,0.9599734375300752,0.9695217029398483,0.7054353407239099,1.8777765845133283,0.001,21.600968999962788,True
lecun_normal,45,0.1417516457693488,0.11177764648748972,0.9516303664122452,0.9615132908590457,0.9701305804408603,0.8095775174979272,1.8153186088058515,0.001,22.06169729999965,True
lecun_normal,46,0.1393769047357731,0.11262576312283896,0.9533462159536885,0.9696071449194464,0.9720456394077582,0.8312739504308753,1.7508873861471685,0.001,25.986072800005786,False
lecun_normal,47,0.1365128620797973,0.11509436460151032,0.9549651364945936,0.9641599137682135,0.970672696052881,0.7472407754160107,1.6613011868210816,0.001,30.113997599983122,False
lecun_normal,48,0.14044207885129478,0.1127755553487694,0.9546001060032049,0.95771177795315,0.9699951591831678,0.8055170541631367,inf,0.001,32.123290200019255,False
lecun_normal,49,0.13495150159850697,0.11144688599557502,0.954022656638296,0.962437202856428,0.9695974166835389,0.8369239457760282,1.6849182129204903,0.001,28.113622299977578,True
lecun_normal,50,0.13707927822924612,0.1130469430640919,0.9554353452631622,0.964516004850538,0.9678886727893256,0.8169217282800693,1.874054338704433,0.001,28.674320799997076,False
lecun_normal,51,0.13918325614262866,0.11621853018672974,0.9561117859477697,0.9641214174349894,0.9702186700296452,0.838313742355258,1.7902435379472212,0.001,29.41635509999469,False
lecun_normal,52,0.1302104045780114,0.11021187752465197,0.9569923962292557,0.9628895347718129,0.9708062610586055,0.7898397447095576,1.6356174089171716,0.001,32.808285899984185,True
lecun_normal,53,0.14594482877037987,0.11798328073357965,0.9563551396086956,0.9613496814428426,0.9649721150500999,0.8014674613577507,inf,0.001,28.889298800029792,False
lecun_normal,54,0.12815754287862294,0.10973183609908202,0.957031580293303,0.9647566069331897,0.970246841358191,0.8425242945543788,1.6254721330989639,0.001,28.727363700047135,True
lecun_normal,55,0.13069066294037227,0.10757560015500293,0.9568232860581037,0.9637364541027467,0.9712233017420119,0.8394454918943127,1.7745399018395929,0.001,30.400553100043908,True
lecun_normal,56,0.1309922404141071,0.13453853244638359,0.9568830933137551,0.9472696475660694,0.9626319919561702,0.7760258185040625,1.6842751214398612,0.001,32.4118834999972,False
lecun_normal,57,0.13204242104711345,0.10788001901646393,0.9558973047550893,0.960666371528112,0.9710531478997635,0.8287243413095481,1.7099889489323026,0.001,28.580483299971092,False
lecun_normal,58,0.13119519477063177,0.12163387840125447,0.9567882266323772,0.9635728446865436,0.9647597070487879,0.8063927722642102,1.735679205420588,0.001,28.806250200024806,False
lecun_normal,59,0.12818555210192248,0.10685379576851006,0.9580070572561669,0.9601755432795026,0.9709584551372882,0.8353854849381303,1.59611449675941,0.001,28.500778200046625,True
lecun_normal,60,0.12806347714617564,0.1039754666230714,0.957345052805682,0.9610513348603545,0.9710676378477037,0.8345322067265065,1.5099730732210201,0.001,32.98006600001827,True
lecun_normal,61,0.12559097358603438,0.10607628556341234,0.9577327688078352,0.9639481839354801,0.9711882492508778,0.8430838803488713,1.4193605644164708,0.001,29.45858139998745,False
lecun_normal,62,0.1249730113162635,0.10675594477195234,0.9593372531146175,0.965853752430081,0.9686318485850132,0.8439309471077264,1.6239411311640644,0.001,28.75818950001849,False
lecun_normal,63,0.1284457622315496,0.10829479865012902,0.959207327007513,0.9636787096029104,0.9689329690607299,0.8699564140280159,inf,0.001,30.31975169997895,False
lecun_normal,64,0.12993646370835862,0.10640306857908788,0.9586649370683308,0.9599830616133813,0.9700651107367936,0.8312277159675148,1.6999313723775342,0.001,32.302897099987604,False
lecun_normal,65,0.12818736998269475,0.10873178926521165,0.9584236457265654,0.9586741862837564,0.9697674778233386,0.8233151732636119,inf,0.001,28.911596599966288,False
lecun_normal,66,0.12966770255939158,0.10110914612074315,0.9596754734569213,0.9607048678613362,0.9713220392454237,0.835879413248254,1.718286441796251,0.0005,28.842062799958512,True
lecun_normal,67,0.11850261685491222,0.10293088930599857,0.9593784994978253,0.9674705984255,0.9719372791379932,0.8499287259250404,1.4150804576350038,0.0005,28.519110399996862,False
lecun_normal,68,0.11915539497927974,0.10090353852558294,0.9604405938654255,0.9625238196061825,0.9710571723401041,0.8413405232465906,1.474147035579201,0.0005,32.735339499951806,True
lecun_normal,69,0.1269382088318383,0.10235574768130765,0.959976572054338,0.9617538929416973,0.973301008018272,0.8731219423259203,inf,0.0005,27.990817100042477,False
lecun_normal,70,0.11931174190429238,0.09954616880080946,0.9602962315241982,0.9660943545127326,0.9737071817495077,0.8475792570721482,1.4414158392469654,0.0005,28.54261669999687,True
lecun_normal,71,0.12087032245103782,0.10191861704125835,0.9606488881006247,0.9633611148538102,0.9718937391957515,0.8357890876217837,1.4764097650625787,0.0005,29.93077209999319,False
lecun_normal,72,0.11813544355889036,0.09922632919993549,0.960921114229796,0.9634669797701769,0.97170142821712,0.845317728935711,1.498105209690169,0.0005,32.66953710000962,True
lecun_normal,73,0.11669181011144956,0.10076982830896246,0.9605993924407753,0.9669605220102785,0.9721309425277451,0.8818132154842374,1.333942502591649,0.0005,28.021174099994823,False
lecun_normal,74,0.11743410443302363,0.10254727849542167,0.9611211591883537,0.9636979577695225,0.9690133612530039,0.8407010037607149,1.4156288556157286,0.0005,28.86430690000998,False
lecun_normal,75,0.1391235091827305,0.0994431811821343,0.9620017694698396,0.9653244278482475,0.9718133945253905,0.8820105157091835,inf,0.0005,28.030851099989377,False
lecun_normal,76,0.1155669835878804,0.09882022864382194,0.9615604331695164,0.9628221661886706,0.9729535230863592,0.8768805244153924,1.389655156670146,0.0005,31.899179200001527,True
lecun_normal,77,0.1164153978894478,0.09970430581869755,0.9611644678907219,0.9648817200161685,0.9734726318531287,0.8729828940883125,1.4701736654481117,0.0005,28.74592409998877,False
lecun_normal,78,0.11538373270356206,0.09748920912857618,0.9626947087077302,0.9628895347718129,0.9717215633094307,0.8785281339617286,1.3284547833159943,0.0005,28.429838100040797,True
lecun_normal,79,0.11392271466125083,0.09824217944242217,0.9613005809553075,0.9667006717610148,0.9747040996446178,0.8801896675550501,1.4605069054715052,0.0005,29.935911100008525,False
lecun_normal,80,,0.102603541182005,0.9613108925511095,0.9647662310164957,0.9710947613537605,0.880758476949457,,0.0005,32.62770150002325,False
lecun_normal,81,0.11785808121400213,0.09934263626311834,0.9617625404472345,0.9625526918561007,0.973580112931519,0.8787583222996647,1.489850071364943,0.0005,28.804474300006405,False
lecun_normal,82,0.11536134897887287,0.09818125589473083,0.9617047955107436,0.968509999422555,0.9725237768837581,0.8895784513195211,1.491600250047219,0.0005,29.90536289999727,False
lecun_normal,83,0.11478377846224797,0.09964169993555778,0.9615769317227996,0.9682405250899851,0.9722052457842953,0.8888330246594048,1.3717129922703788,0.0005,29.100500100001227,False
lecun_normal,84,0.11178588712077639,0.09699120408400644,0.9628617565597216,0.9683945104228823,0.9724245911511206,0.8897971979036806,1.303068676798404,0.00025,32.63659900001949,True
lecun_normal,85,0.13845790713551442,0.09630256388971369,0.963309279817526,0.964814351433026,0.9729350474835569,0.8822044613831183,inf,0.00025,28.62314189999597,True
lecun_normal,86,,0.09717472082973869,0.9633484638815734,0.9651704425153504,0.9740195963291929,0.8845545631559736,,0.00025,28.709938500018325,False
lecun_normal,87,0.11077381253760248,0.09790318173671336,0.9628040116232308,0.9672203722595423,0.9721028331782695,0.8846259681366969,1.3641445345602898,0.00025,30.041011399996933,False
lecun_normal,88,,0.09641198205369188,0.9626266521754374,0.9686351125055338,0.9726587166151283,0.8898058306349771,,0.00025,32.25305300002219,False
lecun_normal,89,0.11704214853997763,0.09766217768152137,0.963309279817526,0.9671722518430119,0.9720565964490481,0.8832933192023518,1.6926779831299865,0.00025,28.491405300039332,False
lecun_normal,90,,0.09605377943899474,0.963993969778775,0.9684233826728004,0.9725676529134321,0.8886646603676495,,0.00025,29.25535759999184,True
lecun_normal,91,,0.0976696901836953,0.9642930060570314,0.9627836698554463,0.9720717717941615,0.8751393764547478,,0.00025,28.69038929999806,False
lecun_normal,92,,0.09817737458724111,0.9639217886081615,0.9694531595865494,0.9749455519228186,0.8938275803243357,,0.00025,32.32739510003012,False
lecun_normal,93,0.11105758693543176,0.09439311872292164,0.9639094146931991,0.9686062402556157,0.9727141984966897,0.8919249219374853,1.311881164399286,0.00025,29.090530799992848,True
lecun_normal,94,0.10946068804273487,0.09645982768859927,0.9628885667088067,0.9709737647489076,0.9729135597376543,0.8978064545340777,1.4279000896347473,0.00025,28.537448599992786,False
lecun_normal,95,0.11179888115786542,0.09521147944766688,0.9633113421366863,0.9696648894192829,0.9732231086106268,0.8922064131505464,1.3882246515870817,0.00025,29.905147399986163,False
lecun_normal,96,0.11321594188761458,0.09533145534205872,0.9648766423794214,0.9703097030007892,0.9730130832142146,0.8939989742854372,1.4349418819768016,0.00025,32.37605399999302,False
lecun_normal,97,,0.09574753953018077,0.9645817307394858,0.9690008276711644,0.9743672538208908,0.8931271752329232,,0.00025,28.79742359998636,False
lecun_normal,98,0.11426698265035505,0.09612702121588318,0.9644827394197871,0.9694146632533251,0.9744255962782216,0.8937993996017249,1.4609682413234615,0.00025,28.508061299973633,False
lecun_normal,99,,0.09519772914067097,0.9650643134230167,0.9689912035878583,0.9729544893876486,0.8916796293146377,,0.000125,28.768508000008296,False
lecun_normal,100,,0.0940326845187222,0.9654520294251698,0.9696552653359768,0.9744837734893292,0.8950452020883545,,0.000125,28.484586799982935,True
orthogonal,1,0.7811681707259862,0.5410806327146729,0.7966120220833136,0.8717975862799069,0.7268481964591404,0.4776784271999949,inf,0.001,30.01184039999498,True
orthogonal,2,0.48031705703330557,0.4178471875115473,0.8765330765058539,0.902421419359806,0.7420068007703405,0.5276647442418353,1.032075770859477,0.001,28.77919460000703,True
orthogonal,3,0.4264755194739672,0.33859163873443876,0.8908971294579606,0.9023348026100514,0.7470402569739475,0.5368708985192034,1.034810545763889,0.001,29.27895399997942,True
orthogonal,4,0.3711279313439548,0.33714278414953025,0.8990144176732503,0.9056069909341136,0.7476684249614024,0.5337347518460455,1.0472935809113306,0.001,26.426302899955772,True
orthogonal,5,0.3538441578377689,0.3140361067052847,0.9040361648287966,0.9126036994976229,0.7730377735956636,0.5725218537822877,inf,0.001,22.33332309999969,True
orthogonal,6,0.3409786344469778,0.26723411317100226,0.9081525538729323,0.9152406983234846,0.7789685663159616,0.5765023560738874,1.5486541050270137,0.001,21.8697727000108,True
orthogonal,7,0.31651710406387107,0.26880937699755053,0.910278804927293,0.9096972263391911,0.768139627401144,0.5689742220082818,1.8305830527332765,0.001,18.88536399998702,False
orthogonal,8,0.29205139701482186,0.23380705058268353,0.9134547764342914,0.913219640829211,0.7780751991368566,0.5774487954964627,2.1414171668547617,0.001,23.810902500001248,True
orthogonal,9,0.2804025284817617,0.2244529534223286,0.9152861158487166,0.9194849190614593,0.7813478923993374,0.5883229644403388,2.141094098111245,0.001,25.121404799981974,True
orthogonal,10,0.24502168746394032,0.21657651010511736,0.9177279017346166,0.9224202644698093,0.7858982148792951,0.6015428404159274,2.2789516535112124,0.001,25.880093800020404,True
orthogonal,11,0.2448672243756792,0.1812377342764224,0.9193530092330029,0.9178199526495101,0.9494633204174386,0.6768126130890556,2.4230011560117144,0.001,21.352070300024934,True
orthogonal,12,0.20880070255007352,0.17015589468679196,0.9202686789402155,0.922381768136585,0.9511328074510764,0.6866358670571063,2.223073510303779,0.001,27.30446839996148,True
orthogonal,13,0.21357912307330224,0.16343012222554795,0.92278677063505,0.9228533482185822,0.9536515924712828,0.7720242751276624,2.318627658083972,0.001,30.057836499996483,True
orthogonal,14,0.19685321026663855,0.1617755343437314,0.9259173711205199,0.9250765114622832,0.9523248921372575,0.6844156623188703,inf,0.001,31.17276960000163,True
orthogonal,15,0.1894942873469044,0.15587527633626552,0.927647656896086,0.9367890208457644,0.9545755351848907,0.7435042003106336,2.229417354937344,0.001,29.119543400011025,True
orthogonal,16,0.1890839145669031,0.15732845267008064,0.9302771138255814,0.935383904683079,0.9533397212100675,0.7575669574980339,inf,0.001,29.016834900015965,False
orthogonal,17,0.18427780181487452,0.14696241164646637,0.9326590924558302,0.934941196851,0.9548000444522287,0.7608192068963677,inf,0.001,28.58394619997125,True
orthogonal,18,0.18029709067449762,0.14462033401813104,0.9352576145979199,0.9630050237714858,0.9622671778288979,0.8027408444751676,2.4354564147345124,0.001,28.525245899974834,True
orthogonal,19,0.169725379959258,0.13721785090819677,0.9395864225155757,0.9503878505572344,0.9625080170491662,0.8311333742980205,2.1895244142299966,0.001,28.81343320000451,True
orthogonal,20,0.16452325087134262,0.15075428618140288,0.9414569459940482,0.9360672145978095,0.9553069960998046,0.663056871529046,2.3242312680756996,0.001,28.91000679996796,False
orthogonal,21,0.1638556232985797,0.1397897452290973,0.9447607812889908,0.9567397455392374,0.9582971797483436,0.75452439568642,2.159255516554233,0.001,30.132810699986294,False
orthogonal,22,0.16949222394811903,0.1353212917047573,0.946396200383179,0.951513868304044,0.9624544352000397,0.8324256395866095,2.1846705297251794,0.001,30.58106090000365,True
orthogonal,23,0.15634650898950134,0.13076816990986193,0.9462972090634802,0.9633611148538102,0.9652187921627977,0.7845879685942417,2.1356565470685434,0.001,29.69814180000685,True
orthogonal,24,0.155274209882607,0.12835172498209874,0.9488524225032018,0.9586934344503686,0.963473620817215,0.7959593246598905,2.2495874631521193,0.001,28.58572540001478,True
orthogonal,25,0.15415835738615866,0.12369481657367444,0.9505682720446451,0.9584913287009412,0.9685130765514748,0.7897150308053028,inf,0.001,28.79087900003651,True
orthogonal,26,0.14886546543244744,0.12344010561653582,0.9507394445349573,0.9549977864608397,0.962815008892082,0.7897783104778537,2.208589130596018,0.001,29.7938404000015,True
orthogonal,27,0.14841899141949508,0.12154741555511432,0.9519912722653132,0.9671530036763998,0.9697263033113722,0.8751314399584443,inf,0.001,29.857130600023083,True
orthogonal,28,0.16374790570718567,0.11879551171926053,0.9521603824364651,0.9541027467133756,0.9692793939691797,0.7628630832724257,2.5435967176429584,0.001,30.829097700014245,True
orthogonal,29,0.1437908889783475,0.11671600924064489,0.9535400739547651,0.9545647027120667,0.9687276172076783,0.8498540326386665,2.349012003826441,0.001,24.041195500001777,True
orthogonal,30,0.14390585156415342,0.12680615728368128,0.9511910924310825,0.9580774931187804,0.9680202899808826,0.7966458341112995,2.3429497087822306,0.001,26.564124099968467,False
orthogonal,31,0.14103645183730149,0.12259743864184346,0.9524161100123533,0.9676342078417031,0.9701787889719738,0.8365113714756262,2.380574115862449,0.001,27.57195320003666,False
orthogonal,32,0.1415136495065203,0.11390192728447547,0.9541979537669291,0.9567782418724616,0.9679955432523101,0.8238209861068865,,0.001,27.542483099969104,True
orthogonal,33,0.17651388293731743,0.11237674170829214,0.9539236653185974,0.9613304332762305,0.9712357549557861,0.8031884666021404,inf,0.001,27.45625089999521,True
orthogonal,34,0.13646985724062258,0.11443841826303552,0.9539463508293616,0.9576347852867014,0.9686289992919607,0.8514768301587013,2.4263705419462944,0.001,27.93356069998117,False
orthogonal,35,0.14085723224343044,0.11644529942131625,0.9578771311490624,0.9576251612033954,0.9706393486826821,0.8031334504506585,2.741751259460039,0.001,32.54198139999062,False
orthogonal,36,0.13372889935399263,0.11462612778359679,0.9561571569692983,0.9578368910361288,0.9683438782062547,0.8196557746805616,2.2591633992937674,0.001,29.410051700018812,False
orthogonal,37,0.13117071534702376,0.10913755503523039,0.9572254382943796,0.9583180952014321,0.9705794612405962,0.758928589024143,2.2076077569700496,0.001,24.346599799988326,True
orthogonal,38,0.13323010524293863,0.11219702780698763,0.9570769513148316,0.9565280157065039,0.9692520679586177,0.8024400033590237,2.3141685673644776,0.001,23.203239399997983,False
orthogonal,39,0.13249661693347609,0.11378974459470644,0.9571553194429263,0.9641310415182954,0.96956873607988,0.8160440090165478,2.370662457290015,0.001,25.542316999984905,False
orthogonal,40,,0.11006852337190319,0.9575904687857684,0.9625334436894886,0.9697980877975075,0.8565262042420275,,0.001,24.44039890001295,False
orthogonal,41,0.12601373178186406,0.11195849651306253,0.9584339573223672,0.9689623313379401,0.9724561827659808,0.8792020568397901,2.198827471332585,0.001,23.840679100016132,False
orthogonal,42,0.1287645911351956,0.10583835741845948,0.958930976240021,0.9649779608492292,0.97058078798949,0.8391344043126407,2.1944134416773853,0.001,23.57072870002594,True
orthogonal,43,0.16507444149024028,0.11043697711385561,0.9597043459251667,0.9672107481762362,0.9717343607495431,0.884071813443113,inf,0.001,22.235615100013092,False
orthogonal,44,0.13850125587221315,0.11124430699997627,0.9583494022367913,0.9629184070217311,0.9713330419000837,0.800602902663699,2.8693694701803385,0.001,21.046115999983158,False
orthogonal,45,,0.10686667073088023,0.9585370732803867,0.9629087829384251,0.970679203222217,0.8305175474878066,,0.001,27.157046400010586,False
orthogonal,46,,0.104483481324839,0.9593496270295798,0.9658056320135507,0.9716615030807801,0.8773738263339212,,0.001,24.828360599989537,True
orthogonal,47,,0.10598433208265261,0.9600116314800646,0.9638711912690316,0.9701235521653436,0.7447673851112614,,0.001,25.08724299998721,False
orthogonal,48,,0.10938324852597621,0.961133533103316,0.9639578080187862,0.9697303509608636,0.8197142815565933,,0.001,24.223897200019564,False
orthogonal,49,,0.10876134388408214,0.9612242751463731,0.9756895655688795,0.9697955015088541,0.9026080092701251,,0.001,27.211422399966978,False
orthogonal,50,,0.11200546952842132,0.9604302822696235,0.9670471387600331,0.9699140276283688,0.8439630691387707,,0.001,28.30163940001512,False
orthogonal,51,,0.10835142224666265,0.960263234417632,0.9616191557754123,0.9694406047504565,0.8276013960470294,,0.001,25.773633699980564,False
orthogonal,52,,0.10877439043797137,0.9625214738982576,0.9665659345947298,0.9721169644104918,0.8194203291594624,,0.0005,25.799297799996566,False
orthogonal,53,,0.2018344236473889,0.9323332460284889,0.8318480164764306,0.9167468467082559,0.6348957544474448,,0.0005,25.157599799975287,False
orthogonal,54,,0.2842589156526878,0.8221497202464059,0.8204531018420496,0.9135110526603861,0.5942270791342291,,0.0005,29.79480319999857,False
orthogonal,55,,0.2850650347386499,0.8144469581823544,0.823176717417666,0.9141365917232775,0.4778028416328821,,0.0005,21.75120879994938,False
orthogonal,56,,0.2849750265267128,0.8146181306726666,0.8232152137508902,0.9141466919682085,0.47789061645141406,,0.0005,22.163126199971884,False
orthogonal,57,,0.2849750265267128,0.8145851335661004,0.8232152137508902,0.9141466919682085,0.47789061645141406,,0.00025,21.705225999990944,False
orthogonal,58,,0.2849750265267128,0.8147563060564127,0.8232152137508902,0.9141466919682085,0.47789061645141406,,0.00025,24.242997399996966,False
orthogonal,59,,0.2849750265267128,0.8146614393750348,0.8232152137508902,0.9141466919682085,0.47789061645141406,,0.00025,22.552065500000026,False
orthogonal,60,,0.2849750265267128,0.8146964988007614,0.8232152137508902,0.9141466919682085,0.47789061645141406,,0.00025,27.594790099945385,False
orthogonal,61,,0.2849750265267128,0.8146820625666387,0.8232152137508902,0.9141466919682085,0.47789061645141406,,0.00025,26.839978300035,False
sparse,1,0.757020568154661,0.5113468999213586,0.7993714051199136,0.8721729255288434,0.7285139639913796,0.5046164363121518,inf,0.001,25.499464299995452,True
sparse,2,0.471957414966307,0.4080200605112359,0.8786820130709788,0.9042499951879583,0.7434226648825674,0.545890418402783,1.042613619490515,0.001,27.99175370001467,True
sparse,3,0.4286924194094645,0.3344363795521927,0.8939864835602228,0.905818720766847,0.7450555221285106,0.5523714549065376,1.0515118578315283,0.001,27.336576899979264,True
sparse,4,0.36806515320827565,0.3443655159522385,0.9020171543707761,0.9097838430889458,0.7472405750212548,0.5598222983945333,0.9506523117485932,0.001,28.653609300032258,False
sparse,5,0.3671881432486342,0.3156554879643581,0.9075812914655046,0.9112852000846919,0.7484268961115846,0.5628108755776788,inf,0.001,26.60189409996383,True
sparse,6,0.3450381204059563,0.2878885725048273,0.9127288400898346,0.917213635401228,0.750159437669541,0.5785588159347894,1.0103434896418817,0.001,28.804824499995448,True
sparse,7,0.321652455074334,0.2909122657313984,0.9167111783885451,0.9171847631513098,0.7513891186703838,0.5781849814025161,0.9878088418504357,0.001,28.594103000010364,False
sparse,8,0.3098163861886159,0.26435738728558933,0.9203800441748764,0.93317998960599,0.7510677052092288,0.605724501469243,1.033770642954589,0.001,29.043162500020117,True
sparse,9,0.3133229850412472,0.2619085291686045,0.9228012068691727,0.9349700691009182,0.7550795980313129,0.6108050011278617,inf,0.001,27.998746199999005,True
sparse,10,0.2861850478719422,0.259344351573199,0.924321136090379,0.9375685715935557,0.7533613513553657,0.6175549206762142,1.2390735144353617,0.001,28.142582100001164,True
sparse,11,0.280006213037618,0.21431491491097177,0.9263896422082488,0.9290416337843821,0.9468842996508879,0.7843493950331943,1.3990593499775175,0.001,26.91040370002156,True
sparse,12,0.2495811434245049,0.18625046586234528,0.9278621380887664,0.9273477951225145,0.94469541960787,0.7254319791981009,1.531062286740114,0.001,22.49818100000266,True
sparse,13,0.2384566430708748,0.17162525840960502,0.9319970880053455,0.9391950416722807,0.9481308553397824,0.747743761216325,1.7069422281366864,0.001,27.799594899988733,True
sparse,14,0.22427009620030466,0.17336301288012648,0.9359959248573391,0.9360768386811156,0.9525326383669488,0.7308024210400298,1.8437418712593836,0.001,29.24063690000912,False
sparse,15,0.20709256881785598,0.1672370983193938,0.9397080993460386,0.9442861817411892,0.9495294124496317,0.7420607098842794,inf,0.001,32.44165160000557,True
sparse,16,0.20816270411086468,0.16112405767299084,0.9421436982744575,0.9496371720593614,0.9546762228877875,0.7574672014612376,1.9485334445278353,0.001,25.178902699961327,True
sparse,17,0.1897894180998059,0.15561124030427154,0.945292859632371,0.9504263468904587,0.9538778350634217,0.7683532237553332,1.8487082123756409,0.001,24.944498500030022,True
sparse,18,0.19025919629687701,0.1534654172932409,0.9467076105763976,0.961272688776394,0.9584002537290557,0.7679991391537557,1.88164862503891,0.001,27.392803900002036,True
sparse,19,0.1863231024845412,0.15690021976110666,0.9490380312276367,0.949435066309934,0.9551686507535645,0.7554009870247197,1.9088489722287605,0.001,25.97536579996813,False
sparse,20,0.17740580506106218,0.1481754001013237,0.9494711182513184,0.9516389813870229,0.9598109306239392,0.7822496205050921,inf,0.001,33.09295530000236,True
sparse,21,0.1772358351770262,0.14961311718698136,0.9494731805704787,0.9518218389698381,0.9584965462899122,0.804986075536878,1.9593716678582918,0.001,28.988091100007296,False
sparse,22,0.17473447734351322,0.14253998199750664,0.951098288068865,0.9511289049718015,0.9590654721539504,0.7726127581268455,1.920203974761289,0.001,29.332393000018783,True
sparse,23,0.17080866457279353,0.14054903572448657,0.9515334374117069,0.9619559986911247,0.9574986200764465,0.7890137929499085,1.8743996940521752,0.001,31.44820189999882,True
sparse,24,0.17039589195966184,0.13966867715011896,0.9519541505204262,0.9654687890978384,0.96053604928889,0.8290514084066408,2.0258615368403463,0.001,33.774846100015566,True
sparse,25,0.16323427964179835,0.13959988544226504,0.952467667991363,0.9561334282909553,0.9597008017557259,0.7359555864865183,1.9143332997926428,0.001,28.99842710001394,True
sparse,26,0.17189012590330158,0.13239282965338856,0.9535751333804917,0.9534386849652571,0.9616977046285026,0.7399155896082535,inf,0.001,29.48438520001946,True
sparse,27,0.15808729420049142,0.13293400701516367,0.9535400739547651,0.9660943545127326,0.9687906902471166,0.7986197321678693,1.962846870820985,0.001,29.32033739995677,False
sparse,28,0.1557508456041024,0.13180981332559644,0.9548537712599326,0.954622447211903,0.9670184068388686,0.7595394048547374,1.9371803586886025,0.001,29.212107600003947,True
sparse,29,0.15250639514217823,0.1306354935925553,0.9550476292610092,0.9549304178776972,0.9610558985322175,0.7766475823135446,1.9812468049364,0.001,22.694755299948156,True
sparse,30,0.1540261595433724,0.12594328787348244,0.955604455434314,0.9674224780089696,0.9675737160350134,0.7647327913746435,1.8436637619345249,0.001,24.74973719997797,True
sparse,31,0.15704483699694935,0.13129579115069512,0.9551507452190287,0.966585182761342,0.9675303850139617,0.7944521526671032,inf,0.001,27.93752169999061,False
sparse,32,0.15102808315672853,0.12018479315022557,0.9561055989902886,0.9676053355917849,0.970387660348559,0.8032974690846925,1.8819851296470513,0.001,29.577994799998123,True
sparse,33,0.1566369314731994,0.12303143853797327,0.9573491774440028,0.9608492291109272,0.968478672407867,0.7717103350103875,1.9613833744157467,0.001,29.256410599977244,False
sparse,34,0.1460993202994286,0.11836993450623119,0.9567799773557356,0.9676919523415395,0.9709526846356543,0.8024923649732553,1.8565308950244124,0.001,26.21414289996028,True
sparse,35,0.15132371450357981,0.12165971682316883,0.95823597468297,0.9652378110984928,0.9685548104982705,0.8324802469062732,inf,0.001,28.842047700018156,False
sparse,36,0.14337264727818408,0.12027095028234946,0.9582071022147245,0.9668931534271361,0.9696942054593304,0.838905068777989,1.8633151496387232,0.001,28.75351440004306,False
sparse,37,0.14292099056527252,0.11941049487632596,0.9583390906409894,0.9670856350932574,0.9694944279862133,0.8769059340536821,1.9107232949213138,0.001,29.164582999947015,False
sparse,38,0.1441062919724202,0.11604839285555867,0.9589082907292567,0.9704636883336862,0.970876952260152,0.7896935375067962,2.0571597732509237,0.001,29.351590700040106,True
sparse,39,0.14448116083340085,0.11813095207106787,0.9597559039041764,0.9684811271726368,0.9714181075141916,0.8210946627822383,1.8791294431054517,0.001,29.140963400015607,False
sparse,40,0.1385960424260494,0.11264093273123531,0.9599435749477717,0.9706754181664197,0.9713337044218835,0.883553376434793,1.8247157244349708,0.001,29.79477020003833,True
sparse,41,0.13693382350676206,0.11749273364145534,0.9608303721867388,0.9669412738436663,0.9697099504777954,0.872255333416978,1.7769418560785835,0.001,24.543598400021438,False
sparse,42,0.14223050728922546,0.1165332528003253,0.9599250140753283,0.9696071449194464,0.9711874315154216,0.8804978793723865,inf,0.001,23.611338799993973,False
sparse,43,0.13460633924849388,0.11683145455705295,0.960273546013434,0.9735818913248513,0.9692187724407161,0.8396875293592875,1.7613866192913508,0.001,25.916283800033852,False
sparse,44,0.13752714045321152,0.11935801566091123,0.9610902244009478,0.9613593055261487,0.9685911546094027,0.7671708576415912,1.8717839323015655,0.001,28.58115640003234,False
sparse,45,0.13430104181807057,0.11676880114783365,0.9610427910602589,0.969106692587531,0.9703100575966072,0.8244639993039057,1.7773889135333556,0.001,29.933547599997837,False
sparse,46,0.13213672852037067,0.10988220494542615,0.9627772014741457,0.9724751217446538,0.9714755488711964,0.8347525576190987,1.7476800773528558,0.0005,27.781000500021037,True
sparse,47,0.1305016652871017,0.10984451484668015,0.9635134494144044,0.9705984254999711,0.9716745341061265,0.8260904746124034,1.692133873984029,0.0005,29.633901499968488,True
sparse,48,0.13034770973581522,0.10894514182960921,0.9643961220150508,0.9724366254114296,0.9723063200488579,0.8379419624822729,inf,0.0005,29.279072600009385,True
sparse,49,0.12561759939288691,0.1082165645669175,0.9644889263772682,0.9727445960772236,0.9722580483766811,0.8379399318292563,1.7242443782831482,0.0005,30.100359300035052,True
sparse,50,0.12984148576442298,0.10915486444899743,0.9640434654386244,0.9722730159952264,0.9721424317259385,0.8331839703542335,1.9510116417605414,0.0005,29.34923329995945,False
sparse,51,0.1285129833654398,0.10747917652264359,0.9643177538869561,0.9729370777433449,0.9734412022823683,0.8384988044221299,1.7504333155426168,0.0005,29.545323300000746,True
sparse,52,0.12739452901025608,0.10684187531739715,0.9650952482104226,0.9743806902392547,0.9723765273464018,0.9000841992635197,1.8649847366088679,0.0005,25.458577000012156,True
sparse,53,0.12609403083054424,0.10492793778651484,0.9648931409327045,0.9719265489962081,0.9730813555501227,0.8883746214169617,1.6604852204521496,0.0005,21.589580499974545,True
sparse,54,0.12470429883155394,0.10888979203698311,0.9652107380834043,0.9734760264084846,0.9724225520254545,0.8964704601373333,inf,0.0005,28.85524240002269,False
sparse,55,0.12451791539240159,0.10548075937622241,0.9647962119321662,0.9732546724924451,0.9730356800266665,0.8657135460691082,1.6873748757432407,0.0005,26.985025200003292,False
sparse,56,0.12232150559234418,0.11016485038119014,0.9662728324510045,0.9701268454179739,0.971598757864323,0.8820756010569489,1.7199990227425526,0.0005,16.950811800023075,False
sparse,57,0.12382146960342867,0.10801792141276186,0.9654726526167736,0.9730333185764056,0.971600317770918,0.8965894183717409,1.821929194394672,0.0005,25.078561700007413,False
sparse,58,0.12324404471605976,0.106279622296524,0.9648209597620908,0.9736396358246877,0.9726856169725937,0.8603005927382411,1.79661042831901,0.0005,26.113799300044775,False
sparse,59,0.128911813239549,0.10360092406525015,0.9662418976635986,0.9734664023251786,0.9738211527955957,0.8984565551571656,,0.00025,28.682989900000393,True
sparse,60,0.1195618117325264,0.10302982036010493,0.967262745647991,0.9727542201605297,0.9736282129842612,0.8958998019088478,1.7362970543891694,0.00025,26.502172100008465,True
sparse,61,0.12408412486870819,0.1025103330402804,0.9670193919870651,0.9738032452408908,0.9739003962704366,0.897111098706402,1.6965162931245905,0.00025,24.26522980001755,True
sparse,62,0.12112048966125863,0.10227186935127126,0.9672833688395949,0.9747945258214155,0.974229362575253,0.8483779666058049,1.7723946384378249,0.00025,21.70000379998237,True
sparse,63,0.11940010935302607,0.10368468961248664,0.967013205029584,0.9722633919119203,0.9727818292655076,0.8374020138845321,1.8363995030993903,0.00025,23.223010600020643,False
sparse,64,0.1187921697145952,0.1031703335710355,0.9667306673046108,0.9737743729909726,0.9730483664532295,0.866423028019669,1.7485867130298969,0.00025,28.668971700011753,False
sparse,65,0.11842242959524171,0.10168679243464664,0.9675885920753324,0.9724173772448175,0.9734998295364269,0.8589393734708493,1.830891169780543,0.00025,27.775827800040133,True
sparse,66,0.11689998700148334,0.10442307203141332,0.9674297934999825,0.9720035416626567,0.9726435065159462,0.8359466218830159,1.8271438037340022,0.00025,28.219780099985655,False
sparse,67,0.11833888768779104,0.103015520439096,0.9676257138202193,0.9743614420726426,0.9738827011399743,0.8479468904134282,1.7647039113008272,0.00025,25.074571700009983,False
sparse,68,0.1286519863408669,0.1006837547051423,0.9678649428428244,0.9738032452408908,0.9737050447205252,0.846060443199567,,0.00025,24.854214299994055,True
sparse,69,0.15326537345410413,0.10122603225980602,0.9674772268406714,0.9747367813215791,0.9741190214077805,0.8476998476820689,inf,0.00025,23.208560900005978,False
sparse,70,0.11857500964643973,0.10084796530387952,0.9681681037594015,0.972792716493754,0.973456992413305,0.8410030891341038,1.6709340064892475,0.00025,26.339297499973327,False
sparse,71,0.11670406011837542,0.10181672418396083,0.9681681037594015,0.9745924200719881,0.9733745016091885,0.8463074074624716,1.6922804740520847,0.00025,28.250550400000066,False
sparse,72,0.11705515174387096,0.10158896531384895,0.968621813974687,0.9725906107443266,0.9736035542799143,0.8403429875582611,2.0353830423999875,0.00025,22.759696900029667,False
sparse,73,0.11752802783052668,0.10164032438689448,0.9680979849079484,0.9754778357361461,0.9737412715025701,0.8495805064577464,1.782550808073725,0.00025,26.832053799997084,False
sparse,74,0.12495030582134667,0.10153234281182058,0.9686713096345364,0.9739572305737878,0.9731652276144963,0.845739645284164,inf,0.000125,26.412231100024655,False
sparse,75,0.11481115714041977,0.10105552417071881,0.969226073488681,0.9746982849883549,0.9740083779274561,0.84797073001474,1.6873656935078183,0.000125,28.658221999998204,False
sparse,76,0.11787092806518194,0.10145753068463707,0.9684774516334599,0.9743903143225607,0.9733336573797987,0.8469628559970798,1.787184483297012,0.000125,28.260392200027127,False
sparse,77,0.11614371175884892,0.09992197234196959,0.9684485791652144,0.9741497122399091,0.9740411104072155,0.8469396608754377,1.7093333854391102,0.000125,28.710523599991575,True
sparse,78,0.12012646270562963,0.10038973274521082,0.9690569633175291,0.9737551248243604,0.973824217771697,0.8444243487012115,1.931860637131937,0.000125,27.26188980002189,False
sparse,79,0.11400835956135781,0.09993164637899994,0.9689249748912642,0.9743036975728062,0.9740415980939602,0.8476390828353116,1.6001274490862583,0.000125,27.381023599999025,False
sparse,80,0.11585776087934466,0.10021181368709421,0.9684217690161294,0.9740245991569303,0.9739683713182107,0.8473203122091567,1.7922896718928583,0.000125,27.94027309998637,False
sparse,81,0.11459612168373691,0.09917502143096298,0.9686383125279702,0.9738609897407272,0.9740952559960508,0.8471797199218428,1.6775818927221409,0.000125,26.99847220000811,True
sparse,82,0.11643101055790983,0.10035625451805846,0.9679989935882497,0.9734471541585664,0.9738145842271705,0.8670319302844507,1.842378067776152,0.000125,27.266812700021546,False
sparse,83,0.11985235410476022,0.10057655399474107,0.9691126459348596,0.9749196389043944,0.9742092872929673,0.8720498486896903,,0.000125,26.9851622999995,False
sparse,84,0.1205391757394235,0.09966470107060159,0.969141518403105,0.974582795988682,0.9742998545369231,0.8706993961596728,inf,0.000125,27.336666199960746,False
sparse,85,0.1140213544292504,0.09855300186917296,0.9694054952556348,0.975160240987046,0.9744536416279633,0.8702740600391721,1.9163462768548525,0.000125,22.47343989997171,True
sparse,86,0.11729970619397505,0.09979221267234216,0.9691497676797466,0.9751409928204339,0.9742905803576406,0.8733616692219064,1.8494447927434736,0.000125,30.629188899998553,False
sparse,87,0.1129375045410127,0.09870750156389316,0.969725154725495,0.9747367813215791,0.9743383545851287,0.8721592238796,1.8110406475008036,0.000125,28.459117399994284,False
sparse,88,0.11531009138015091,0.0989742117722202,0.9689538473595096,0.9756799414855735,0.9745968451857596,0.9078563843041764,1.859409233350857,0.000125,30.526647599996068,False
sparse,89,0.11471989876501001,0.10018288551185862,0.9691910140629544,0.9740149750736242,0.9739220788469716,0.9030383286996951,1.843626710338683,0.000125,30.256552500010002,False
sparse,90,0.11334531146300296,0.09834995374470439,0.9695374836818996,0.9738417415741151,0.9741518581346433,0.9024707228472844,1.846755312064089,0.000125,31.793612799956463,True
sparse,91,0.11816174831508813,0.09919485030115882,0.9694054952556348,0.9749196389043944,0.9744868010999044,0.9032746242053517,1.843589982355823,0.000125,29.238195899990387,False
sparse,92,0.11365932416307273,0.09741032975765357,0.9691167705731804,0.975025503820761,0.974457491346559,0.9053955486185318,1.838084953290878,0.000125,28.28552849998232,True
sparse,93,0.11262352199432034,0.09890353747059691,0.9698488938751183,0.9736396358246877,0.9741928344344392,0.901960703137454,1.8091406049167558,0.000125,29.80732750002062,False
sparse,94,0.11399605225577622,0.09864599657463018,0.9692136995737186,0.9747079090716609,0.9743562794748272,0.9059068181293806,1.8463135823167327,0.000125,29.314644099969883,False
sparse,95,0.11337443637039332,0.09840705921438236,0.969650911235721,0.9755067079860643,0.974361032611088,0.9067813410922904,1.9060393028739322,0.000125,28.711771000002045,False
sparse,96,0.11353281884604947,0.09828491696856528,0.9698344576409956,0.9753719708197794,0.9746168960632241,0.9068580247012531,inf,0.000125,28.632002600003034,False
sparse,97,0.11296423519564444,0.09787372716124418,0.9699829446205436,0.9766712220660982,0.975005988435771,0.8764684578124045,1.8926667253160652,0.000125,28.828791499952786,False
sparse,98,0.11046751334332013,0.09886499993510121,0.9707851867739348,0.9754200912363098,0.9742023243540636,0.8730098531373799,1.8734226046318683,6.25e-05,29.929386400035582,False
sparse,99,0.11322005692145319,0.0977528776448677,0.970531521517207,0.9747945258214155,0.9740085109519451,0.8709730618994822,1.8042926959858476,6.25e-05,29.730185199994594,False
sparse,100,0.11348106069511038,0.09805450769892748,0.9704284055591875,0.9750832483205975,0.9741637999010365,0.8726069775061361,1.9254888654981233,6.25e-05,30.433364399999846,False
truncated_xavier_normal,1,0.7282076480727218,0.4776040121932747,0.7947126261365957,0.8681789309568264,0.7279002545521166,0.48550209806083755,inf,0.001,32.72939699998824,True
truncated_xavier_normal,2,0.4660869814625651,0.4147949518052441,0.8687498839945472,0.891777183223298,0.7400549947248668,0.5068607206775885,inf,0.001,24.31641030003084,True
truncated_xavier_normal,3,0.4339493598812847,0.35886206211955285,0.8846524270403039,0.901382018362751,0.7439863279087975,0.5315642174526586,1.0615689791581802,0.001,23.81608399999095,True
truncated_xavier_normal,4,0.3899537258876261,0.365730163596297,0.8925779195736774,0.8955979442958059,0.7424382945248365,0.5070237890191517,1.0141421364078038,0.001,19.260273699997924,False
truncated_xavier_normal,5,0.37544599526357614,0.3414202143407668,0.9005343468944567,0.908484591842627,0.7473400931453008,0.5535798584197859,1.0201399295516156,0.001,20.207116700010374,True
truncated_xavier_normal,6,0.3689165540073543,0.3223240680506013,0.9043785098094211,0.9124593382480318,0.751346914593973,0.5476421968917575,inf,0.001,19.40382090001367,True
truncated_xavier_normal,7,0.3515489739416399,0.3125446087234053,0.9076142885720708,0.912622947664235,0.7502911915514613,0.5641338019152865,1.0688926694199505,0.001,18.783482099999674,True
truncated_xavier_normal,8,0.32759417078105757,0.29066347984055607,0.9106562093336441,0.9132870094123535,0.7523781913596307,0.5642712581982029,1.0576768596715564,0.001,19.64300030004233,True
truncated_xavier_normal,9,0.3193766384149257,0.298342542087479,0.9109304977819758,0.9092545185071123,0.7494624609096224,0.5433249580013608,1.1141957537534368,0.001,19.22473529999843,False
truncated_xavier_normal,10,0.3027020110941535,0.29297097648640025,0.91450862152525,0.9174542374838797,0.7603876009493854,0.5780441773137058,1.1844220770059255,0.001,19.29715459997533,False
truncated_xavier_normal,11,0.28983328817893483,0.21919558720261892,0.9168101697082437,0.9193886782283988,0.7819075615338944,0.5979962713897429,inf,0.001,20.899754699959885,True
truncated_xavier_normal,12,0.2625391713978007,0.21476263929255035,0.918266167035478,0.9209092833907571,0.7819671586785318,0.5980906820810105,1.6446625534995196,0.001,24.50720100000035,True
truncated_xavier_normal,13,0.25188874422905605,0.18447722774194372,0.9204233528772445,0.9218331953881392,0.9500270391895489,0.7693690663248418,1.8576715667791004,0.001,20.758880299981683,True
truncated_xavier_normal,14,0.22609717204049223,0.18904750121192102,0.9227826459967292,0.9228533482185822,0.7841406200498375,0.6067177533442001,1.74637541564708,0.001,21.94223059999058,False
truncated_xavier_normal,15,0.22879176006529287,0.16596018680456368,0.9253791058196584,0.9372317286778434,0.9543488562024903,0.7105014534235173,1.9405653466026491,0.001,22.81795230001444,True
truncated_xavier_normal,16,0.20280205143882113,0.17562958471878723,0.9289283570946872,0.9366542836794796,0.9516787498443211,0.7248946496348744,inf,0.001,20.064038400014397,False
truncated_xavier_normal,17,0.19828731764342858,0.15477875493710794,0.9301162529310711,0.9353646565164668,0.956639868618533,0.6928872765495401,1.7905759623407815,0.001,20.258598699991126,True
truncated_xavier_normal,18,0.18654562952102657,0.1599351498760934,0.9321703228148182,0.9403980520855388,0.9535861723549676,0.7066211174326273,1.6802115264321178,0.001,19.503382199967746,False
truncated_xavier_normal,19,0.20925551681517304,0.153771643393678,0.9328776982868314,0.9384347390911015,0.9554624119016011,0.713883914776944,inf,0.001,19.936876699968707,True
truncated_xavier_normal,20,0.18096264021949857,0.16006044390407942,0.9354411610031945,0.9404750447519874,0.9555660768722927,0.6819088489790605,1.7048956789233514,0.001,20.095755300018936,False
truncated_xavier_normal,21,0.17633911989746462,0.16341449496280405,0.9351978073422686,0.9373375935942102,0.9553680916144668,0.718191059224755,1.5910926431983332,0.001,20.68499909999082,False
truncated_xavier_normal,22,0.1742070445775986,0.14798771966431384,0.9366991756910316,0.9406771505014148,0.9588567569473958,0.7219196194567429,1.7638077051044767,0.001,24.16176590003306,True
truncated_xavier_normal,23,0.17572804616442547,0.15251259724162206,0.9363877654978129,0.953737031547745,0.9567492828797035,0.7256976452312144,1.7475396529908924,0.001,26.301548500021454,False
truncated_xavier_normal,24,0.17493408449750647,0.14279802805066805,0.9381304251883413,0.9493099532269551,0.9583215809169695,0.7417927642513473,2.009748972355062,0.001,24.550175000040326,True
truncated_xavier_normal,25,0.1718601075576838,0.14050484588424403,0.9380211222728407,0.9371162396781707,0.9586981378048817,0.696547094735783,1.8942348866837437,0.001,27.80150090000825,True
truncated_xavier_normal,26,0.17123243402503457,0.1362437059041192,0.9376602164197727,0.9363559370969915,0.9583968008772987,0.7171402979715954,inf,0.001,26.33192940003937,True
truncated_xavier_normal,27,0.17085726345231703,0.13550082338585276,0.9390481572147142,0.9440455796585375,0.9593734009259833,0.7305237943010331,1.9261604761901283,0.001,26.449306200025603,True
truncated_xavier_normal,28,0.16853300193039292,0.1344159138885758,0.939673039920312,0.9397628625873385,0.959845937387419,0.7247217105686947,2.1654279312582583,0.001,26.48060309997527,True
truncated_xavier_normal,29,0.15982927718308787,0.13356913621576197,0.9404629081587408,0.943670240409601,0.9585483807358576,0.7300352327749969,1.8550433392326038,0.001,26.14426980004646,True
truncated_xavier_normal,30,0.15571429665169143,0.1296101462436503,0.9411331618858672,0.9371354878447827,0.9630389910580646,0.7333588592114554,1.8476593572379165,0.001,26.083370499953162,True
truncated_xavier_normal,31,0.1577686360167238,0.1323783422306665,0.9431294868331234,0.9413508363328393,0.9601028625581374,0.7425467630763424,inf,0.001,20.1492173000006,False
truncated_xavier_normal,32,0.1789668475009243,0.1300517322055562,0.9421148258062121,0.9420630184974881,0.9632149268665894,0.7530374031245263,inf,0.001,20.4894123999984,False
truncated_xavier_normal,33,0.1558034914742391,0.11880631022849533,0.9438286130284951,0.9481839354801456,0.9650537191515484,0.7006333284513596,2.0617812151238635,0.001,20.906567900034133,True
truncated_xavier_normal,34,0.1492737785405446,0.11954398115074807,0.9446308551818863,0.9475294978153331,0.9668675070025,0.6915354253807378,2.1539834260406123,0.001,21.55866939999396,False
truncated_xavier_normal,35,0.1448780190358792,0.11738361404422497,0.9473139324095519,0.9492810809770369,0.9680574136145094,0.7511057662850797,2.0123863211648247,0.001,20.38843039999483,True
truncated_xavier_normal,36,0.14485780495266257,0.12014632956267086,0.9450144465457185,0.9511289049718015,0.9674552410316865,0.7586480686871712,2.0569563835293434,0.001,20.20364280004287,False
truncated_xavier_normal,37,0.14363735377761686,0.11656897591366987,0.9468767207475495,0.9546416953785152,0.969086311806128,0.7686052071159334,1.9786243860605899,0.001,21.846288599947002,True
truncated_xavier_normal,38,0.14273327634149605,0.12007731422467877,0.9488132384391543,0.967326237175909,0.9684705123592057,0.7244622719280277,2.0518601799328744,0.001,19.09482910000952,False
truncated_xavier_normal,39,0.14235234342346434,0.11964640285255952,0.9497577806146124,0.9492137123938945,0.9663534417649396,0.7404156281317381,2.091738205866786,0.001,19.72909349994734,False
truncated_xavier_normal,40,0.14079935430609125,0.11929811024402875,0.9508549344079391,0.944863626739553,0.9671670184332116,0.7219982123733261,2.132530905329917,0.001,20.529255600005854,False
truncated_xavier_normal,41,0.13821459407412276,0.11416409757624525,0.9519747737120301,0.9594537370315478,0.9683698998910167,0.7687061939419054,1.9452524081595588,0.001,21.877003000001423,True
truncated_xavier_normal,42,0.14246382182117723,0.11007101310230372,0.951560247560792,0.9646411179335168,0.9699517556943346,0.774930133091661,2.1550543621685434,0.001,19.174973400018644,True
truncated_xavier_normal,43,0.13894133141672577,0.10823740179911868,0.9516984229445381,0.9631108886878524,0.9724717885626791,0.7698975373713374,2.0294064201713238,0.001,21.29842959996313,True
truncated_xavier_normal,44,0.1374470093352149,0.11272322167616511,0.9525872825026656,0.9523511635516717,0.9681220443352628,0.7383515996615774,1.9490778927341543,0.001,28.558025900041685,False
truncated_xavier_normal,45,0.13284548947367425,0.10779184552057529,0.9541546450645609,0.9581448617019229,0.9693882371623594,0.7694557758971211,1.956923902710656,0.001,29.83849980001105,True
truncated_xavier_normal,46,0.13157203599870004,0.1102000859320282,0.9542907581291465,0.9564991434565857,0.9695171207122234,0.7756128596573263,1.9147163522017152,0.001,24.86600569996517,False
truncated_xavier_normal,47,0.13081900235187668,0.11131977725723785,0.9555013394762947,0.9633707389371162,0.9725246211295145,0.7932063917181892,2.102510516901151,0.001,19.17190539999865,False
truncated_xavier_normal,48,0.1350224978975835,0.11089129607971117,0.9543443784273167,0.9553346293765519,0.970950351062765,0.7538079670081371,inf,0.001,23.3814855000237,False
truncated_xavier_normal,49,0.13358033783961332,0.10969019956548177,0.9564335077367904,0.955498238792755,0.9681283294286569,0.7441377978346515,2.042213549978937,0.001,20.666275800031144,False
truncated_xavier_normal,50,0.1309782266353457,0.1120313651376612,0.9557529424138621,0.9663157084287721,0.9688022750749247,0.7983558505399467,1.9285231196254744,0.001,18.886946400045417,False
truncated_xavier_normal,51,0.12645631003384455,0.103854818005485,0.9586896848982555,0.9643331472677228,0.9708492529229495,0.8048432189323346,1.8712125476371135,0.0005,24.309204099990893,True
truncated_xavier_normal,52,0.12370645528680056,0.10106096039098893,0.9594465560301181,0.9664504455950571,0.9717491190017148,0.8130117085464904,1.746842293320263,0.0005,20.964566300041042,True
truncated_xavier_normal,53,0.12474323193656654,0.10072154804074386,0.9592650719440039,0.9659499932631417,0.9718429769275457,0.8031304741431837,,0.0005,23.329111800005194,True
truncated_xavier_normal,54,0.12105458651874408,0.10160748925844272,0.960374599652293,0.9676438319250091,0.97325560222973,0.8136346564207845,1.8943529318515133,0.0005,23.85106390004512,False
truncated_xavier_normal,55,0.1210013164550677,0.10236158493420888,0.9602199257152638,0.9684811271726368,0.974412697329857,0.8298722462505457,1.8496826522225192,0.0005,23.21769709995715,False
truncated_xavier_normal,56,0.11958118993027023,0.10399790318529019,0.9604570924187086,0.9656612707639597,0.9720230929411314,0.8044860028221118,1.8450840103994064,0.0005,24.18841910001356,False
truncated_xavier_normal,57,0.12144230738755799,0.1003829388935761,0.9603457271840475,0.9676053355917849,0.9733676705465134,0.8148571980124828,2.030772213136408,0.0005,29.340170299983583,True
truncated_xavier_normal,58,0.12031269128155152,0.1010402943464642,0.9603044808008397,0.9653821723480839,0.9725791312124189,0.8077431992162024,1.8648988032076932,0.0005,28.51574860000983,False
truncated_xavier_normal,59,0.1262889105556622,0.1012663576558559,0.9610799128051459,0.9773160356476046,0.9714799492237729,0.842842694806807,,0.0005,28.454556600016076,False
truncated_xavier_normal,60,0.11952575378629296,0.10104066624764499,0.9622574970457278,0.9558447057917734,0.9713447070045292,0.7835348759857005,1.815180701176137,0.0005,29.858817300002556,False
truncated_xavier_normal,61,0.12000243645270293,0.09824250842327953,0.9613438896576756,0.9697515061690374,0.9723211910867448,0.8358384482280493,1.9302494612282717,0.0005,30.28381479997188,True
truncated_xavier_normal,62,0.11897496725172543,0.09856159833825257,0.9621172593428213,0.9675957115084788,0.9714992335203975,0.8285906340731607,1.8150903061032295,0.0005,28.589016399986576,False
truncated_xavier_normal,63,0.12069424935421805,0.09846648493852637,0.9621585057260291,0.9667487921775451,0.9726852936883685,0.8479835714305554,1.977817814286311,0.0005,29.451000800007023,False
truncated_xavier_normal,64,0.1177276123497461,0.09716020604323816,0.9625730318772673,0.9752372336534945,0.9736870011648601,0.8738221527656321,1.8128880642920355,0.0005,31.32290909998119,True
truncated_xavier_normal,65,0.11836556139505254,0.09784296464540754,0.9625606579623049,0.9697515061690374,0.9731270643474361,0.8202835129246266,1.8856977737088243,0.0005,28.384468099975493,False
truncated_xavier_normal,66,0.12276872607127937,0.09908690208411526,0.9623997970677947,0.9647758550998018,0.9713283462792409,0.8252026783991969,,0.0005,29.716992300003767,False
truncated_xavier_normal,67,0.1167529338126482,0.09860294522176617,0.9612634592104204,0.9700113564183012,0.9726150027872981,0.8369487850355427,1.806307466040495,0.0005,29.872465100022964,False
truncated_xavier_normal,68,0.11850242399158643,0.0964792764336235,0.9628184478573535,0.9653533000981657,0.9735250892931271,0.7843049915834398,1.9317349890081943,0.0005,29.997782499995083,True
truncated_xavier_normal,69,0.11885936529783607,0.09832394652948723,0.9626555246436828,0.9641117933516833,0.9739379153569018,0.8091664791491279,2.00277002782164,0.0005,32.37051879998762,False
truncated_xavier_normal,70,0.11792028776771188,0.09659209605603604,0.9619275259800656,0.9670856350932574,0.9736980043049727,0.8307994563176254,1.9408065791670155,0.0005,31.35043079999741,False
truncated_xavier_normal,71,0.11719639238577258,0.09925550318653653,0.9632329740085916,0.9688083460050431,0.9710164372307303,0.8292129120502723,1.9112184606885483,0.0005,33.76907979999669,False
truncated_xavier_normal,72,0.11591344992787939,0.09636732212172466,0.963197914582865,0.9683463900063519,0.9717791562824113,0.8321157548438366,1.9469994167848352,0.0005,32.97277660004329,True
truncated_xavier_normal,73,0.11513052227898798,0.09775186423913207,0.9630576768799586,0.9684907512559429,0.9724923888327397,0.8336864034643399,1.9858489604941902,0.0005,35.06017189996783,False
truncated_xavier_normal,74,0.11537955695054394,0.10002618850779287,0.9635175740527252,0.9693184224202644,0.9711411297454496,0.8347805244837487,1.8335868381985507,0.0005,34.86327989998972,False
truncated_xavier_normal,75,0.11489705480429038,0.0961242405039774,0.963845482799227,0.9678651858410486,0.9739779599123793,0.8307774758207706,1.854703333810412,0.0005,35.623810500022955,True
truncated_xavier_normal,76,0.11445951106904832,0.09568997991396425,0.9642146379289366,0.9703770715839316,0.9744367407822191,0.8411580635172223,inf,0.0005,35.88273940002546,True
truncated_xavier_normal,77,0.11470963841139277,0.09520320076514555,0.9643156915677956,0.9691451889207553,0.9744250406599825,0.8394687632816957,1.9418925136987921,0.0005,36.33697529998608,True
truncated_xavier_normal,78,0.12234758616697444,0.09482053041164426,0.9643754988234469,0.9671626277597059,0.9724900718398772,0.8540419375803062,inf,0.0005,33.5320905999979,True
truncated_xavier_normal,79,0.11404431099469392,0.09670505595581687,0.9634000218605832,0.9639481839354801,0.9730444901600425,0.8225096692293666,2.006603353063454,0.0005,32.17646160000004,False
truncated_xavier_normal,80,0.11482864779737219,0.09883327792508287,0.9639795335446523,0.9710988778318865,0.9729772581700633,0.8436718651024283,1.933226962907845,0.0005,28.80669230001513,False
truncated_xavier_normal,81,0.11325694748289468,0.09806875134125675,0.9652396105516498,0.9641599137682135,0.974219633518823,0.8251732694075536,1.9197270706343124,0.0005,29.38276579999365,False
truncated_xavier_normal,82,0.11252396998614506,0.09364616443977189,0.963828984245944,0.9714549689142109,0.9747711167984349,0.8659643151445283,2.0463716561517007,0.0005,28.230639199959114,True
truncated_xavier_normal,83,0.11396864763113276,0.09636083162787963,0.9648807670177422,0.9709160202490713,0.9744576192335289,0.8416893740899708,1.943114013375738,0.0005,28.423841700016055,False
truncated_xavier_normal,84,0.18391273399447755,0.09394030604782759,0.9638887915015952,0.9675957115084788,0.9725100794952253,0.8541500477707572,,0.0005,28.563016700034495,False
truncated_xavier_normal,85,0.11360372177764616,0.0962275777840948,0.9643156915677956,0.968952707254634,0.9743070592416848,0.8588286214872395,2.044531151730929,0.0005,28.49354360002326,False
truncated_xavier_normal,86,0.11433986459297862,0.09537112053202712,0.9641837031415308,0.9688564664215733,0.974333232019427,0.8929463707480303,2.078869303539081,0.0005,21.746580900042318,False
truncated_xavier_normal,87,0.11309915415666998,0.09491520168918817,0.9658500570231248,0.9699439878351587,0.9727895691326208,0.8919805052121131,1.837891325920443,0.0005,20.711331599974073,False
truncated_xavier_normal,88,0.11342190909941752,0.09301657913254469,0.9653901598503581,0.9768444555656074,0.9742571813847208,0.8569292745969094,2.0413820315388183,0.00025,22.656063299975358,True
truncated_xavier_normal,89,0.11845634759750942,0.09311630853415201,0.9667616020920166,0.9725328662444902,0.9739926786725581,0.8474024572973674,2.112735578303033,0.00025,21.833192400052212,False
truncated_xavier_normal,90,0.11404585390007854,0.09346935785904593,0.9663264527491745,0.9703289511674013,0.9749407482429104,0.8403058492897132,2.3544075199116006,0.00025,20.731006200017873,False
truncated_xavier_normal,91,0.12895736206593042,0.09377460367830624,0.9675741558412096,0.9698766192520163,0.9746857051734841,0.8387857436467042,inf,0.00025,22.77448939997703,False
truncated_xavier_normal,92,0.11080311220992471,0.0917142117285392,0.96555927002151,0.9759782880680615,0.9762292488581076,0.8562139877707992,2.0892317812056733,0.00025,19.7188438999583,True
truncated_xavier_normal,93,0.10766535443426956,0.09312470605768598,0.9661346570672584,0.969097068504225,0.9731799000281963,0.8364655191588284,1.8658395969084924,0.00025,19.62235449999571,False
truncated_xavier_normal,94,0.1080686450887401,0.0923261903347557,0.9657778758525112,0.9778357361461321,0.9744164098547806,0.8621969192967507,1.9092611553705443,0.00025,18.746928400010802,False
truncated_xavier_normal,95,0.10882948138911591,0.09224591694906045,0.966206838237872,0.9767770869824649,0.9761498251640665,0.8590114535195016,1.8708829959296476,0.00025,23.952851499954704,False
truncated_xavier_normal,96,0.1078483943347112,0.09200312919679386,0.9671843775198963,0.9705503050834408,0.9730716429108806,0.8638061020791818,1.7742838902312492,0.00025,28.667259000008926,False
truncated_xavier_normal,97,0.10959602735486602,0.0918610455363285,0.9661614672163434,0.9771139298981772,0.9742182790795789,0.8831825162597045,1.8743182499794768,0.00025,29.672885500011034,False
truncated_xavier_normal,98,0.10600748990616901,0.09138625774225588,0.9673534876910481,0.9714357207475988,0.9751316822519649,0.8680158169701792,1.7978184689661558,0.000125,31.703827999997884,True
truncated_xavier_normal,99,0.10611990994248312,0.0914617343697904,0.9668358455817906,0.9714357207475988,0.9735402879598175,0.8667815148119752,1.872970330933667,0.000125,30.055888500006404,False
truncated_xavier_normal,100,0.10606590697476104,0.09104930509550886,0.9672318108605852,0.9714357207475988,0.9751362490861172,0.9011355189845974,1.854245968445947,0.000125,29.1868065999588,True
nguyen_widrow,1,0.7165450484400685,0.5017938651218361,0.8059522655607136,0.8667545666275287,0.7281159173713987,0.49619891554464396,inf,0.001,29.197803599992767,True
nguyen_widrow,2,0.4714493123756486,0.4229168017300674,0.8724888686323318,0.8837795699959579,0.7321724162091905,0.5260723308293428,1.0736511540815297,0.001,29.236722200002987,True
nguyen_widrow,3,0.4251593698343607,0.35460461050365494,0.8845328125290014,0.8965699767097184,0.7460721087964964,0.532867494510351,1.0849320757112422,0.001,31.44958850002149,True
nguyen_widrow,4,0.3848946340334113,0.36119525905220196,0.8916622498664648,0.892672222970762,0.7415642943033851,0.49879921904285385,0.9876146631841921,0.001,29.345791800005827,False
nguyen_widrow,5,0.3667101566580563,0.3205317724897316,0.8982616711797085,0.9114969299174254,0.7653401794046387,0.5615942945449873,1.0150221168743407,0.001,30.17967080004746,True
nguyen_widrow,6,0.3472449072029015,0.34617397645929904,0.9016913079434347,0.9020172078609513,0.7474511677956843,0.5200719171639324,inf,0.001,32.21742569998605,False
nguyen_widrow,7,0.3283655163174952,0.28135528239319674,0.9058901897539859,0.9118433969164437,0.7797694067546361,0.57787138294538,1.2276353051076458,0.001,29.645199100021273,True
nguyen_widrow,8,0.30119568490314896,0.26648450659158573,0.9097529135413939,0.9120551267491771,0.7787547649705475,0.5745363011787049,1.2236677691780564,0.001,28.889308599988,True
nguyen_widrow,9,0.2962582427000842,0.25596542582450776,0.9117183037012442,0.9134313706619445,0.7798064869997955,0.5723484490882395,1.2755517137830268,0.001,28.42003419995308,True
nguyen_widrow,10,0.2799459108382863,0.2719403779863717,0.9157253898298793,0.9196485284776625,0.7839798760197284,0.5938968372028257,inf,0.001,31.174310999980662,False
nguyen_widrow,11,0.2710744694030596,0.2159210993170089,0.9184888975048,0.9186091274806075,0.7832750230715582,0.594158273459652,1.3801851847252262,0.001,30.375470699975267,True
nguyen_widrow,12,0.2510311278412996,0.2284649425199249,0.9205883384100757,0.9222470309703,0.7826527664257883,0.601624333972572,1.41696580037286,0.001,28.356703700032085,False
nguyen_widrow,13,0.2616680309883472,0.22098292140045805,0.923110554743231,0.9245953072969799,0.7845615190110231,0.6093984865761686,1.5021579738407698,0.001,29.937390199978836,False
nguyen_widrow,14,0.22829737473340708,0.21128656322799183,0.9251089420096476,0.9215637210555695,0.7864497537789595,0.6051112758166891,1.2878027168507313,0.001,31.627663799969014,True
nguyen_widrow,15,0.22270539171668308,0.19865572324164518,0.9281570497287019,0.9312263006948588,0.7850969967314146,0.6044742807868096,inf,0.001,29.512615200015716,True
nguyen_widrow,16,0.22646846385641792,0.21298618278319761,0.9293016368627176,0.9424479818297307,0.7869434658729476,0.6264670908175335,1.5084289885145703,0.001,28.842559600016102,False
nguyen_widrow,17,0.22014490581632196,0.16594871637809863,0.9304689095074976,0.9323523184416684,0.8736837051252809,0.6366688099527071,1.4779769707832657,0.001,28.74176730000181,True
nguyen_widrow,18,0.19468991472447736,0.16399683420085343,0.9321868213681013,0.9392527861721172,0.8713074512292507,0.6586734459170913,1.4080480304762784,0.001,31.044972000003327,True
nguyen_widrow,19,0.20202706593570788,0.16532618164278473,0.9339397926544316,0.9356245067657306,0.7899043306775626,0.6169183921323939,inf,0.001,30.155558899976313,False
nguyen_widrow,20,0.19191886281823267,0.15209779919927358,0.9365857481372102,0.9330067561064809,0.9560592164782897,0.7818204969754387,1.4253958413998287,0.001,28.76486549997935,True
nguyen_widrow,21,0.18088591063956477,0.1511851852764774,0.9370807047357035,0.9372798490943738,0.9552030207660325,0.7174402470442177,1.3481286370238674,0.001,29.784920499951113,True
nguyen_widrow,22,0.18984939820205557,0.14915080211398815,0.9394482471318296,0.9421400111639366,0.9593912396554801,0.7263373862683721,1.4132148375035212,0.001,31.78050880000228,True
nguyen_widrow,23,0.17692812632921026,0.1538999488556201,0.9398132776232184,0.9478567166477393,0.9565206906172422,0.7363487644252352,1.3486846585439731,0.001,29.596932900021784,False
nguyen_widrow,24,0.17186558196742363,0.14910477647868015,0.9405618994784395,0.9549592901276154,0.9554467547226934,0.7365027491608402,1.2859331143367643,0.001,28.92419449996669,True
nguyen_widrow,25,0.17186140959216717,0.13818874691819152,0.9420818286996459,0.9495120589763825,0.9616993709414454,0.7986893809961731,1.3619035266591275,0.001,28.595028100011405,True
nguyen_widrow,26,0.16418451294064315,0.14793715412334774,0.9440760913277417,0.9322657016919138,0.9547278472880708,0.7030044973257978,1.2571001846641932,0.001,31.03606369998306,False
nguyen_widrow,27,0.16831742662390614,0.1375462385411304,0.9465013786603588,0.9627163012723038,0.9607859209097391,0.7878843109464954,1.252954918521806,0.001,30.360908299975563,True
nguyen_widrow,28,0.1808039755744853,0.14017071563840783,0.9471406976000792,0.9546320712952091,0.9618761937641084,0.7692016498527082,,0.001,28.81268440000713,False
nguyen_widrow,29,0.15866239399824747,0.13437565790297398,0.9473819889418447,0.9530825938829327,0.962927282082444,0.7868721874259091,1.2063051994559886,0.001,30.110670799971558,True
nguyen_widrow,30,0.15994966583683604,0.13743025732013328,0.9473077454520706,0.9516774777202471,0.9621829302752815,0.7131478660768997,1.1886031763856044,0.001,31.46492290002061,False
nguyen_widrow,31,0.16387044647305749,0.14093721696583045,0.9482399137125663,0.9517063499701653,0.9600695059353527,0.7276878411896494,1.3377861367373527,0.001,30.273988400003873,False
nguyen_widrow,32,0.1562944918987765,0.13303665305183013,0.9481780441377546,0.9578080187862106,0.9606741433980795,0.7808602632598961,1.1494923110084632,0.001,28.823568199994043,True
nguyen_widrow,33,0.16964381214378477,0.1357180387698943,0.9493391298250534,0.9675187188420303,0.9620680774273495,0.7524312014082374,inf,0.001,28.383887999982107,False
nguyen_widrow,34,0.15245069704995506,0.1302663907461776,0.9495824834859793,0.9551517717937367,0.9621609736054385,0.7760737826699083,1.2119635367758164,0.001,30.457439399964642,True
nguyen_widrow,35,0.15157627497791384,0.13364269833391473,0.9518056635408783,0.9562007968740978,0.962993068012624,0.8229360317843505,1.311110599650235,0.001,26.89608080004109,False
nguyen_widrow,36,0.15441745731932074,0.13088993579444672,0.9504651560866256,0.9544203414624757,0.9607913530712674,0.8530387440943565,1.3794191717189828,0.001,20.56207909999648,False
nguyen_widrow,37,0.14996573391364912,0.1310829954103926,0.9501681821275297,0.9564125267068312,0.9633990476112649,0.7987217459364003,1.271674020993936,0.001,19.46234369999729,False
nguyen_widrow,38,0.15299724578653798,0.12523458702886442,0.9510756025581006,0.9662098435124055,0.9639294814086378,0.7759590122134896,inf,0.001,20.93719520000741,True
nguyen_widrow,39,0.15539819253045115,0.1269329067994304,0.9531750434633763,0.9607529882778665,0.9647192938186487,0.8031695085279805,inf,0.001,19.916295699949842,False
nguyen_widrow,40,0.14925151636541437,0.12443497601996266,0.9542577610225803,0.9612438165264758,0.9644397841581999,0.792005917817379,1.4812038673976051,0.001,25.75447460002033,True
nguyen_widrow,41,0.14693952221812018,0.12724173791327817,0.9540020334466921,0.9628414143552827,0.9640533984288325,0.7936757637738858,1.3640286205375747,0.001,26.720119400008116,False
nguyen_widrow,42,0.15549929475145455,0.12274751297420683,0.9533585898686509,0.9612919369430062,0.9643480322396124,0.8350765000189629,inf,0.001,26.96572749997722,True
nguyen_widrow,43,0.14478775400416335,0.13179267669135705,0.9554580307739265,0.9606856196947241,0.9612360115580806,0.8366348509283618,1.5441457403682266,0.001,23.157818500010762,False
nguyen_widrow,44,0.14508151786405052,0.12384110302415074,0.953162669548414,0.9567589937058495,0.9645300470328437,0.7936175015659089,1.5634875898937133,0.001,21.53754900000058,False
nguyen_widrow,45,0.14188977183869336,0.121079152602733,0.9551136234741416,0.9664696937616692,0.9651506387198991,0.842740670662308,1.483806620269448,0.001,22.911660199984908,True
nguyen_widrow,46,0.16048189771732943,0.1173788360122574,0.9544846161302231,0.9597713317806479,0.9646895645854775,0.8099427674296155,,0.001,22.967399600020144,True
nguyen_widrow,47,0.14065999051581973,0.12011926657151545,0.9553549148159071,0.9612438165264758,0.964767328047278,0.7230677226834747,1.6071274520491372,0.001,25.085155000037048,False
nguyen_widrow,48,0.14058224055737562,0.11968464793028727,0.9542103276818914,0.9553057571266337,0.9634853700616207,0.7055735170389664,1.7458765852944886,0.001,25.055347200017422,False
nguyen_widrow,49,0.13812315860731758,0.15233097578775567,0.9550847510058962,0.9636209651030739,0.962151016652443,0.8786240820841137,1.6067528247141636,0.001,27.875272399978712,False
nguyen_widrow,50,0.13650411564493967,0.117445960061244,0.9563716381619787,0.9585009527842473,0.967000693479787,0.8506579478131494,1.5424913605950175,0.001,26.49838790000649,False
nguyen_widrow,51,0.13730259408042345,0.11676346676961324,0.9560849757986847,0.959193886782284,0.9690453627701799,0.8662727915661325,1.6398429269529093,0.001,26.21140039997408,True
nguyen_widrow,52,0.13390054261174703,0.11159926673530686,0.9565799323971779,0.965112698015514,0.9692493170278883,0.8744120206289737,1.6368383403458802,0.001,22.10721879999619,True
nguyen_widrow,53,0.1388173802447194,0.11590332951871175,0.9571573817620868,0.9608973495274575,0.9641559590866869,0.7608031879894442,1.7428937053881617,0.001,25.61673010000959,False
nguyen_widrow,54,0.1317670924355863,0.11069501622224352,0.9582545355554135,0.9703866956672377,0.9715252173931809,0.8926378755656997,1.5455114720507135,0.001,26.96389959997032,True
nguyen_widrow,55,0.14024741293533413,0.1128902409770015,0.9590505907513235,0.9656901430138779,0.967619267286107,0.8120030841210807,1.805528154195864,0.001,26.2944201999926,False
nguyen_widrow,56,0.13158721470639417,0.12023274193995795,0.9583700254283952,0.9594344888649357,0.9648679469895196,0.856257486111487,1.6298511545665029,0.001,26.874681499961298,False
nguyen_widrow,57,0.13038132451489035,0.11182297145042502,0.9592939444122494,0.9589147883664081,0.9691205395366468,0.863166075030312,1.5283615492433624,0.001,24.84570619999431,False
nguyen_widrow,58,0.13662422007398328,0.11002509607111453,0.9581534819165545,0.9617442688583913,0.9694954589884097,0.8351572491845866,inf,0.001,26.29880739998771,True
nguyen_widrow,59,0.13486481149886273,0.1088630801187113,0.9583452775984705,0.9708582757492349,0.9697865418134933,0.839751414890519,1.9356855180366004,0.001,28.03689760004636,True
nguyen_widrow,60,0.1499972032655349,0.10595182206614277,0.9573594890398048,0.9588859161164899,0.9704650819184458,0.8082677028748305,2.2101685321940905,0.001,25.98569550004322,True
nguyen_widrow,61,0.1266743558132527,0.10409586386727825,0.9588856052184924,0.9625526918561007,0.9711824221354042,0.8764971206850406,1.5293671060353518,0.001,26.928905600041617,True
nguyen_widrow,62,0.12785782664650105,0.10809168272226503,0.9601394952680087,0.9605797547783573,0.9695550389564631,0.8675584407357507,1.4999175295469505,0.001,22.535708299954422,False
nguyen_widrow,63,0.1333717641925912,0.10873738216063819,0.9595929806905057,0.9759494158181433,0.9687586532671567,0.9063318406935498,1.6141597549372082,0.001,18.922343600017484,False
nguyen_widrow,64,0.12586634374119662,0.10685753451869905,0.9608695562507863,0.9651608184320444,0.9703673071495483,0.8749570872678856,1.45830475912284,0.001,26.510943000030238,False
nguyen_widrow,65,0.1403241121034663,0.10633442459989989,0.9597579662233368,0.9617731411083095,0.9714630124729385,0.8745243856778039,inf,0.001,26.26894199999515,False
nguyen_widrow,66,0.1395200841460152,0.10814368293158848,0.9609190519106355,0.9609165976940697,0.9700232283053779,0.8692721677518396,inf,0.001,24.963650299992878,False
nguyen_widrow,67,0.12042582304289333,0.10241223924052573,0.9606674489730682,0.9730429426597117,0.9728228302488144,0.9021816703573196,1.398672554940614,0.0005,30.152312099991832,True
nguyen_widrow,68,0.14685794295338586,0.1015290437303553,0.9622492477690863,0.9664504455950571,0.9716903899908185,0.8299815661328082,1.7180312907614035,0.0005,23.98107619996881,True
nguyen_widrow,69,0.1202501083908477,0.10251845339154646,0.9618120361070839,0.9633514907705041,0.9718050433609898,0.8203206314975305,1.3623922497332726,0.0005,27.387747299973853,False
nguyen_widrow,70,0.11908625298747712,0.10026528825091574,0.9617336679789891,0.9642080341847439,0.971065766326434,0.8466160220628361,1.3724218371170986,0.0005,28.973508900031447,True
nguyen_widrow,71,0.12149951193112152,0.10214194305870822,0.9623832985145115,0.9696167690027525,0.9706467334609069,0.8548138068842714,1.3854477615508287,0.0005,28.595555800013244,False
nguyen_widrow,72,0.11670428650309854,0.09990984486415659,0.961642925935932,0.9616672761919427,0.9712300067377151,0.8726264172164244,1.2615570592800085,0.0005,28.54157739999937,True
nguyen_widrow,73,0.12501395351287875,0.10010826037211994,0.9621626303643499,0.9733605374088118,0.9733147567166419,0.9024336024000793,1.4408326410857435,0.0005,29.027684600034263,False
nguyen_widrow,74,0.11782252199431385,0.10088231534518982,0.9621255086194629,0.9728889573268146,0.973179994116415,0.8649654635732471,1.3242920442378219,0.0005,27.010755600000266,False
nguyen_widrow,75,0.12123911259347686,0.09993168949952376,0.9634392059246305,0.9676534560083152,0.9721374385166874,0.8541743550740182,1.5257447206607788,0.0005,26.643965499999467,False
nguyen_widrow,76,0.11680435911654231,0.10104741470398619,0.9630246797733923,0.9679229303408851,0.971930626424267,0.8886178269155128,1.302245421688768,0.0005,28.56875430000946,False
nguyen_widrow,77,0.11689308092524614,0.09846198880476041,0.9629793087518638,0.9679806748407214,0.9722915357633598,0.8876464431499542,1.302165501354113,0.0005,19.426110000000335,True
nguyen_widrow,78,0.11563169664865575,0.10000674424289756,0.9638001117776985,0.9660751063461205,0.9718973029118612,0.8500866924494841,1.2803459079024473,0.0005,22.403348200023174,False
nguyen_widrow,79,0.11974253011320835,0.10304701994044249,0.963818672650142,0.9689334590880219,0.969475089500284,0.8879267756658497,1.4945902332962189,0.0005,28.739470199972857,False
nguyen_widrow,80,0.11670464229732823,0.10029494335632444,0.9633608377965357,0.9693665428367948,0.9724114995445218,0.8860629110706243,1.3267575163268464,0.0005,28.862387100001797,False
nguyen_widrow,81,0.1265076399840407,0.10234262533436413,0.9642579466313048,0.9612341924431698,0.9711040310299954,0.8686143080630232,inf,0.0005,30.226907600008417,False
nguyen_widrow,82,0.11493617715530395,0.1003131278907108,0.9625235362174179,0.9678555617577426,0.9721109276904655,0.8853736245372104,1.3588643276843906,0.0005,31.04177410004195,False
nguyen_widrow,83,0.11615001344750557,0.09900383337963038,0.9642084509714555,0.9692510538371221,0.9728453129838305,0.889353774122089,1.527314547036739,0.00025,29.650245400029235,False
nguyen_widrow,84,0.13568713878559147,0.09794270456900779,0.9638331088842648,0.972359632744981,0.9734244317121744,0.9007932629264565,,0.00025,30.156051800004207,True
nguyen_widrow,85,0.11300436337053651,0.09794459943695366,0.9644270568024567,0.9675283429253364,0.972561546411968,0.8858750092287782,1.1682477491526602,0.00025,32.142018700018525,False
nguyen_widrow,86,0.11301266600891481,0.09694821956078384,0.9641589553116061,0.9688564664215733,0.9725449562351355,0.890965249339495,1.280051315788824,0.00025,30.84152409998933,True
nguyen_widrow,87,0.11246387254956257,0.09641577080837231,0.9649921322524031,0.9690200758377765,0.9726987066364651,0.8911581984077114,1.230313812256771,0.00025,29.81554589996813,True
nguyen_widrow,88,0.11459987987856267,0.09710667355123494,0.9635526334784519,0.9762092660674071,0.9744182034419344,0.9111725197609641,1.2812613006131055,0.00025,29.38827430002857,False
nguyen_widrow,89,0.11265849996588093,0.09639807644024476,0.9645528582712404,0.964381267684253,0.9722103290059475,0.8825252952166815,1.288333447469312,0.00025,31.079640500014648,True
nguyen_widrow,90,0.11322930226317561,0.0963593820729889,0.964476552462306,0.9650934498489019,0.9725925350870811,0.8814690968341128,1.450011133212392,0.00025,30.895336099958513,True
nguyen_widrow,91,0.11164330689498084,0.09675376093107897,0.965262296062414,0.9640636729351529,0.972149196322944,0.8453643634063482,1.3020052644522382,0.00025,29.30539699998917,False
nguyen_widrow,92,0.11189645573954003,0.0951731806975931,0.9641507060349646,0.97013646950128,0.9721189429382419,0.8921784918550903,1.2099268499148796,0.00025,29.40540550003061,True
nguyen_widrow,93,0.1117477797077958,0.09541534819235928,0.9642208248864178,0.9748041499047215,0.9738404924495866,0.9078385301062086,1.29819809574681,0.00025,31.51393920002738,False
nguyen_widrow,94,0.10994140901796497,0.09690315034924908,0.9648869539752233,0.9687121051719824,0.9728919147261639,0.8886265854243409,1.1849142431010362,0.00025,29.9735697999713,False
nguyen_widrow,95,0.11994039255749796,0.0973682507204004,0.9638743552674724,0.9751987373202703,0.9740366177416101,0.9060677970562349,inf,0.00025,28.6475700000301,False
nguyen_widrow,96,0.12301914760947685,0.09610993113540339,0.96534685114799,0.9698092506688738,0.9729852987696588,0.8941411065633379,1.482716765286173,0.00025,28.324547299998812,False
nguyen_widrow,97,0.11204916503332175,0.09573141748710419,0.9641589553116061,0.9748330221546397,0.9740575021712116,0.90764288188311,1.2576275726127977,0.00025,30.192426199966576,False
nguyen_widrow,98,0.11034679300898165,0.09574345134886604,0.9651798032959985,0.9690778203376128,0.9728093780355045,0.8915046547591164,1.229781937451428,0.000125,30.897533499985002,False
nguyen_widrow,99,0.10926191695157812,0.09553940444046032,0.964884891656063,0.9704636883336862,0.9721381934393863,0.894910149774449,1.3000829989397074,0.000125,28.730396699975245,False
nguyen_widrow,100,0.10914455732866654,0.0953323060445413,0.9656355758304443,0.9698573710854042,0.9728833707364531,0.8941263646098206,1.2496138632156049,0.000125,28.953031999990344,False
lsuv,1,0.7812015923807529,0.48185742044004626,0.7707855992377668,0.8557542394086963,0.7154343416001114,0.45691102795897276,inf,0.001,31.160695099970326,True
lsuv,2,0.49581539030745164,0.45843758600025647,0.853783633847607,0.8815852790021751,0.736189004678495,0.4933863005519077,inf,0.001,29.84899420000147,True
lsuv,3,0.46736509586343983,0.36625049027286405,0.8730106353799101,0.8792562508421072,0.7316046937335229,0.5095343614147804,1.4134775937106538,0.001,28.55532400001539,True
lsuv,4,0.43215141677295615,0.37390385555091626,0.8804246727615073,0.8835100956633881,0.7371061468267351,0.4948076081100366,1.357539404419404,0.001,28.83658350002952,False
lsuv,5,0.40004454173861265,0.3666687433817452,0.886122860601661,0.8921717706388467,0.738728607100346,0.5096123831558189,1.2941723237057778,0.001,28.07513700000709,False
lsuv,6,0.4004961020067853,0.3406433655495497,0.8896638626000483,0.8870325101534079,0.7420456693706915,0.49887708705028233,1.3381072587730511,0.001,26.584611400030553,True
lsuv,7,0.38173982474115803,0.33846878659871354,0.8929903834057551,0.8968683232922064,0.7470617188818057,0.5085253032731162,inf,0.001,22.13689369999338,True
lsuv,8,0.37918082077603005,0.3216428106054017,0.8955992171436468,0.8978307316228129,0.7465293578676718,0.5090202794492628,1.3052884944506336,0.001,19.44560909998836,True
lsuv,9,0.35448131846074077,0.30933317202423827,0.89784508270931,0.9040671376051431,0.7508320509667895,0.5256360489215361,1.219323055339262,0.001,26.306010100001004,True
lsuv,10,0.33453955026683063,0.33703676540268823,0.9020089050941346,0.9147498700748754,0.7786831439641874,0.5855185483614563,1.207325670349447,0.001,21.224000399990473,False
lsuv,11,0.33940555011994195,0.2659211645027126,0.9051518794945668,0.9144900198256116,0.7801281971688213,0.5860348427516547,1.4274375036295959,0.001,23.867999300011434,True
lsuv,12,0.3364133259996775,0.272217576733508,0.9075235465290138,0.9151155852405058,0.7811580748196597,0.573412039959391,inf,0.001,21.425525599974208,False
lsuv,13,0.3195132936656665,0.24986121662736496,0.9084268423212639,0.9160683694878062,0.7819870857530603,0.5808861046986002,1.6170601245597445,0.001,25.330840099952184,True
lsuv,14,0.28040212827361083,0.26172285042738286,0.9102932411614156,0.9150385925740573,0.779762981416615,0.580982820276356,1.4927067868254356,0.001,27.24892769998405,False
lsuv,15,0.26813341162387067,0.24030692427802622,0.9119369095322454,0.9190037148961562,0.7830622573802749,0.589506743242279,1.7038921458560203,0.001,25.53627639997285,True
lsuv,16,0.2649965708449584,0.24171914512896847,0.9129515705591565,0.917059650068331,0.7815160872404477,0.5883726710333937,1.6433673183814885,0.001,26.436777299968526,False
lsuv,17,0.26314679070793084,0.20989140302004206,0.9155232825521612,0.9201874771428021,0.7874116036655163,0.5959968307208746,inf,0.001,26.946615600027144,True
lsuv,18,0.25805607023130517,0.21399492063923978,0.9180186887362315,0.9289742652012396,0.7859320440306687,0.6004559557858785,1.766264330391391,0.001,26.771936199977063,False
lsuv,19,0.2267165940291243,0.20121433636262126,0.9210214254337573,0.931255172944777,0.788879210700419,0.6093063302379002,1.4989065810849396,0.001,23.947707499959506,True
lsuv,20,0.23389549598141654,0.17599586750298468,0.9221082676312821,0.9278771197043482,0.9519928905722036,0.6835322157835835,1.647723231543217,0.001,27.713111700024456,True
lsuv,21,0.20448066920075167,0.17762044398036106,0.9238509273218105,0.9303408850307008,0.952765183660825,0.7428477380095327,1.3267561202939553,0.001,26.885498700023163,False
lsuv,22,0.22723523966380038,0.1809424406149742,0.9249975767749865,0.9305911111966585,0.7897035725096505,0.6092267503525445,1.5448973955044263,0.001,20.688559899979737,False
lsuv,23,0.2070043624480101,0.16384307574489734,0.9254945956926403,0.9299655457817643,0.9537244398722629,0.6765499784903729,1.3432893669743577,0.001,21.012731400027405,True
lsuv,24,0.19447744717148804,0.1608716920091335,0.9266433074649767,0.9310530671953496,0.9558788457863955,0.6928839428879807,1.4388186758706338,0.001,20.401580000005197,True
lsuv,25,0.19854934906313496,0.15894983213950523,0.9279322569402195,0.9296864473658883,0.9566478627499477,0.6327154620053018,1.3548358256932553,0.001,26.277734600007534,True
lsuv,26,0.1946454411556064,0.1584821484772585,0.9278600757696059,0.9298404326987855,0.9565138861767225,0.6650740549401174,inf,0.001,26.474763499980327,True
lsuv,27,0.20980316740212512,0.1564587446528491,0.9288623628815548,0.9319288587762016,0.9564915674632134,0.7203754954252779,1.4075462739631723,0.001,19.835002599982545,True
lsuv,28,0.20758890156905985,0.15397484360332198,0.9286272584972706,0.9330452524397052,0.9589337065830152,0.6491825935834815,1.5132868646758015,0.001,20.54338290001033,True
lsuv,29,0.18786220241254065,0.15379856231226247,0.9308504385521694,0.9295035897830731,0.9580067674664451,0.7065663082367593,inf,0.001,20.419399500009604,True
lsuv,30,0.18120941528255863,0.1524989174106106,0.9313185850015777,0.9360768386811156,0.95831003793491,0.6896525651808271,1.2765581629667353,0.001,21.017887399997562,True
lsuv,31,0.2004777449406148,0.15294339403028523,0.9327127127540004,0.9384539872577137,0.9582968202906925,0.7177271463592333,1.495286606692312,0.001,20.377442899974994,False
lsuv,32,0.17675070836335702,0.14824582810886344,0.9325889736043771,0.9343926241025542,0.9590854365977344,0.6908789560270119,1.2234441711083999,0.001,19.954273299954366,True
lsuv,33,0.18212003415509023,0.14797152254007032,0.932190946006422,0.9363655611802976,0.959988787172839,0.7054543527860049,1.1561107076547317,0.001,19.609537400014233,True
lsuv,34,0.1730341055887804,0.1489372124566937,0.9339026709095446,0.937308721344292,0.9600260757909255,0.6495281165837132,1.1926398677476349,0.001,20.954705799988005,False
lsuv,35,0.17266485552196162,0.15148917151781702,0.9353792914283828,0.9342963832694936,0.959264247960347,0.7022504064171647,1.238755119233569,0.001,20.26612030004617,False
lsuv,36,0.16801759691275672,0.14755219828026303,0.9341604608045933,0.9360094700979732,0.9592988075427052,0.7344729033814964,1.1124216768623405,0.001,18.974609499971848,True
lsuv,37,0.1726379582295205,0.1467233005868591,0.9354349740457134,0.9375589475102496,0.9597007755670232,0.7057738191732223,1.215380228710074,0.001,18.77068810001947,True
lsuv,38,0.16823541182418023,0.14572017378023064,0.9362392785182649,0.9412738436663908,0.960592656246523,0.764039119215035,1.0710127717984315,0.001,18.80413599999156,True
lsuv,39,0.1693237379987793,0.14667422127646138,0.9360660437087923,0.9502627374742556,0.9595805112289076,0.7605665266280935,1.089622257261651,0.001,18.463658299995586,False
lsuv,40,0.1745009320465255,0.14609237207617543,0.9361093524111604,0.9409947452505149,0.9594277651577348,0.7219129251177607,inf,0.001,25.595040699990932,False
lsuv,41,0.17888139733894615,0.147119191616095,0.9347502840844644,0.940417300252151,0.9591571841302776,0.72199572662314,1.0970719481822309,0.001,24.64984650001861,False
lsuv,42,0.16544561451414125,0.14290818577838138,0.9369322177561555,0.9364425538467461,0.9598242153430143,0.7886330944494372,1.013377777587638,0.001,21.26072809996549,True
lsuv,43,0.16393957306816234,0.14076857036916277,0.9375179163977059,0.9444786634073105,0.9611305606407298,0.805417762971658,1.0683731713847018,0.001,30.463149000017438,True
lsuv,44,0.16404924781456243,0.13902321993183764,0.9371673221404399,0.9388100783400382,0.9606391933825492,0.792566297036125,1.073349504994881,0.001,27.999625500000548,True
lsuv,45,0.16015174315654873,0.13757902756383544,0.9375385395893098,0.941302715916309,0.9602481298308853,0.6439444914295572,1.2054307574115473,0.001,28.012794799986295,True
lsuv,46,0.17388764737043105,0.13320985087264806,0.9376684656964143,0.9428618174118916,0.9608163368588473,0.7990546627267218,inf,0.001,29.281785700004548,True
lsuv,47,0.1586660456349313,0.13230106786506948,0.9400855037523898,0.9401382018362751,0.960667683968147,0.795126029346215,1.2491787247249724,0.001,31.4941563999746,True
lsuv,48,0.16389718034080983,0.13312665841908614,0.9399988863476534,0.9368563894289069,0.9600174774299131,0.7877314997238232,inf,0.001,28.152881799964234,False
lsuv,49,0.15178864423336452,0.13684439337765486,0.940941366203951,0.9538140242141936,0.9626041531733079,0.7886873107181764,1.060743426597571,0.001,29.194252200017218,False
lsuv,50,0.1649180514950326,0.13285037509365205,0.9433625288982472,0.9523511635516717,0.9617319606528553,0.7698118593032981,inf,0.001,30.308796799974516,False
lsuv,51,0.16798733069470542,0.1290338768936421,0.9428655099805936,0.9454891921544473,0.9608164761753887,0.7488342199085721,1.4202246286588003,0.001,31.186638400016818,True
lsuv,52,0.14918258771794807,0.13008404825542932,0.945643453889637,0.9412160991665544,0.9608537494538556,0.7398093329603599,1.0944243415026977,0.001,28.969171299948357,False
lsuv,53,0.1489495520020536,0.1250258056578883,0.9478439484337717,0.95595057070814,0.9640879336051348,0.789949998543554,1.1596362547878223,0.001,28.21641410002485,True
lsuv,54,0.14836178868117514,0.12497109425753286,0.9490565921000802,0.9595692260312205,0.9644728857449456,0.8270465822382741,1.1935407052068079,0.001,28.4797882999992,True
lsuv,55,0.14497332550765554,0.12485233161044809,0.9480543049881314,0.9525628933844051,0.9632526550249194,0.8225514783873763,1.1830430849011249,0.001,31.67179410002427,True
lsuv,56,0.1443038991210616,0.1288384628328481,0.9504383459375406,0.9449406194060016,0.9611761720365969,0.8031878797861575,1.2097639731143284,0.001,28.65766359999543,False
lsuv,57,0.14292583521536004,0.12122547781779727,0.9504074111501347,0.9564510230400555,0.9644456276738476,0.851168653705335,1.2082205429547446,0.001,28.474462800018955,True
lsuv,58,0.14101621192015762,0.12447346949502529,0.9502939835963135,0.9471541585663965,0.9600534064776792,0.8133709600867552,1.174900327384755,0.001,29.43240320001496,False
lsuv,59,0.17164371142479637,0.11993230323592978,0.9510694156006195,0.9648432236829442,0.9651277400248013,0.8088127316006504,1.5210799533669455,0.001,31.429697900020983,True
lsuv,60,0.1433909513758373,0.1163552918131353,0.9524429201614384,0.9539006409639482,0.963925106579198,0.8419578283321482,1.4987082277907977,0.001,28.105738699960057,True
lsuv,61,0.1479477971199083,0.11619084573715843,0.9518139128175198,0.9590014051161627,0.964368512397377,0.854538715288827,inf,0.001,28.684319300053176,True
lsuv,62,0.1381893006111213,0.11987978003150017,0.9536803116576715,0.9560179392912825,0.961072216546505,0.7749016277098094,1.3563921464811461,0.001,28.384307000029366,False
lsuv,63,0.13666451630222917,0.1177920628739668,0.954515550917629,0.960541258445133,0.9645581790946952,0.8219728646369505,1.2907740464866286,0.001,32.30114799999865,False
lsuv,64,0.13505480810744036,0.11222602739209374,0.9553920365607941,0.9635535965199314,0.9695226319493111,0.8333673193687873,1.2021177746434126,0.001,28.680725599988364,True
lsuv,65,0.13581675426045564,0.11173127547812536,0.95685628316467,0.9578946355359652,0.9698867677827233,0.824006357571018,inf,0.001,28.957780199998524,True
lsuv,66,0.13491269585725693,0.11744057856939127,0.9554147220715583,0.95771177795315,0.9672225206183022,0.8196684391140506,1.2120976526455223,0.001,30.00423579994822,False
lsuv,67,0.133937801265399,0.1138910017271596,0.954181455213646,0.9728504609935904,0.9715996721007495,0.8967171143862481,1.2437364125765766,0.001,32.359514500014484,False
lsuv,68,0.16378263089503056,0.10873488570143967,0.9568109121431414,0.9655169095143687,0.9727096004880926,0.8781211859431647,inf,0.001,28.427650599973276,True
lsuv,69,0.13155344754713402,0.10625123657025018,0.9563922613535826,0.9578561392027409,0.970290164050659,0.7998292023692118,1.2733618206254163,0.001,28.605515800009016,True
lsuv,70,0.13023080144223612,0.10712818072908843,0.9581411080015921,0.9691933093372856,0.9725012024268812,0.8267928059823447,1.2368248611224917,0.001,27.85710350004956,False
lsuv,71,0.15229009284309744,0.11034426795638491,0.9578606325957792,0.9726772274940811,0.9694113074773302,0.8194688566647595,1.6899568988128175,0.001,31.89747179998085,False
lsuv,72,0.1305615493361675,0.10864979484114631,0.9583947732583199,0.9583469674513503,0.9698171601492218,0.799415632755999,1.3689915223326141,0.001,28.572215799998958,False
lsuv,73,0.1295683948809398,0.10719367940737978,0.9577492673611183,0.9714164725809866,0.9728425630033216,0.818021887663793,1.2204593746129124,0.001,28.53436570003396,False
lsuv,74,0.12851487320133378,0.1158930179478631,0.9595888560521849,0.9706754181664197,0.9704104878387092,0.8324190827741655,1.2758551426153268,0.001,29.23264250002103,False
lsuv,75,0.13799195959392263,0.10272711050778181,0.9603684126948118,0.9626970531056916,0.9715998414158639,0.8120560831997555,inf,0.0005,32.15388299996266,True
lsuv,76,0.1443620071157337,0.10397047539490482,0.9590980240920124,0.9604738898619907,0.9707843358164041,0.8132198245291412,1.3506295415985434,0.0005,28.92625220003538,False
lsuv,77,0.12253262562530996,0.10189832969182054,0.9593290038379759,0.9714453448309048,0.9747212568191405,0.838719103577064,1.147568968973488,0.0005,28.860659800004214,True
lsuv,78,0.12229307126237056,0.10218617849587876,0.9618904042351786,0.9605990029449695,0.9710832583339858,0.8129633342483072,1.155335450804309,0.0005,28.078706500004046,False
lsuv,79,0.11987305176217375,0.10032961839829052,0.9600631894590743,0.9670952591765635,0.971360420124312,0.8268813653582946,1.1545455720165612,0.0005,31.38841189997038,True
lsuv,80,0.12165514239353098,0.10214960956689133,0.9605993924407753,0.9687024810886763,0.9711039803700352,0.8288334604843405,1.1922052008598918,0.0005,21.381887199997436,False
lsuv,81,0.12429936908781955,0.1012659398924386,0.961345951976836,0.9616576521086366,0.9717479484326952,0.8396035263759661,1.2193649612752258,0.0005,25.511972000007518,False
lsuv,82,0.12112071976834493,0.10062969525590099,0.9593166299230136,0.9683945104228823,0.9719913702434511,0.8536008917436759,1.1531746344373637,0.0005,24.572923900035676,False
lsuv,83,0.11836611729948848,0.10162835463572013,0.9597414676700536,0.9660654822628144,0.9713239849693401,0.8455876539498645,1.1642027916661797,0.0005,28.878642300027423,False
lsuv,84,0.1198621652356363,0.10011552574470353,0.9624059840252758,0.967624583758397,0.9709475264222774,0.883646964423257,1.0546659221126058,0.0005,29.27567609999096,True
lsuv,85,0.12112650893180647,0.10075840833930404,0.9619997071506792,0.9621966007737763,0.9718330199096661,0.8672628410076907,1.1924703958471805,0.0005,22.844605299993418,False
lsuv,86,0.12253042642902211,0.10040118140547719,0.9626761478352867,0.9680576675071699,0.9723594714220134,0.8850547754672817,1.1533256049704137,0.0005,28.32653780002147,False
lsuv,87,0.13294539755754398,0.1002341300358665,0.9633670247540169,0.9684137585894943,0.9723932202421245,0.8859957901237019,inf,0.0005,27.89262790000066,False
lsuv,88,0.1205444006837449,0.09930883295643472,0.9621564434068688,0.9739283583238697,0.9732476370660157,0.9005526672733875,1.181119478759572,0.0005,28.10029030003352,True
lsuv,89,0.12757570500293666,0.09973974617338043,0.9643590002701639,0.9734567782418725,0.973504725022286,0.9010655871771629,inf,0.0005,28.069504000013694,False
lsuv,90,0.11848011936335402,0.09846125206103984,0.9635526334784519,0.9681635324235367,0.9739301433101234,0.8851741233857647,1.144920940636677,0.0005,28.73622710001655,True
lsuv,91,0.11657643620677914,0.10139707108355119,0.9645920423352877,0.9667295440109329,0.9723067941154429,0.88294527970567,1.0961114575984232,0.0005,24.898439100012183,False
lsuv,92,0.11851957323896761,0.09833944405664634,0.9636351262448674,0.9734471541585664,0.9733038000229493,0.8982513768514551,1.113943465258376,0.0005,29.31835889996728,True
lsuv,93,0.11943238759329101,0.0971352382704188,0.9631504812421761,0.9699343637518526,0.9716521105379693,0.8578130641572174,1.1363566838880756,0.0005,29.07206579996273,True
lsuv,94,0.15403140307895835,0.1000315463966514,0.962364737642068,0.9722633919119203,0.9729939824624393,0.8607608071469205,inf,0.0005,28.030770500015933,False
lsuv,95,0.11698120344646254,0.09816480487682012,0.9637691769902926,0.9780474659788655,0.9740184168240612,0.9130237651699035,1.0653284016037792,0.0005,28.61294550000457,False
lsuv,96,0.15314428829890323,0.0976154838085973,0.9639960320979354,0.9688660905048794,0.9725932225219326,0.8843624422967101,inf,0.0005,28.504706099978648,False
lsuv,97,0.12375036850225449,0.09980509877537606,0.9642146379289366,0.9660558581795085,0.9736056196834969,0.8799194493493311,1.2708866070083613,0.0005,28.907967399980407,False
lsuv,98,0.14024445329317006,0.09780094469566261,0.9650952482104226,0.9688275941716552,0.9741207368779632,0.8895491488192461,1.3883638185555045,0.0005,28.78819409996504,False
lsuv,99,0.11385420995810652,0.09722008660200197,0.9641486437158042,0.9689815795045522,0.9724974799479352,0.8569099411000978,1.1072909110716942,0.00025,28.74623269995209,False
lsuv,100,0.11325520909934918,0.09521021613764391,0.9643136292486353,0.9703097030007892,0.9731921004853561,0.893767586352913,1.0799565664669382,0.00025,29.091710300010163,True
